,workerid,education,age,language,gender,n_fails,condition,total_rt,delayBlue,delayPink,goal,goal_bot,goal_dummy,goal_dummy_bot,intention,intention_bot,knowledge,knowledge_bot,goal_rt,goal_bot_rt,goal_dummy_rt,goal_dummy_bot_rt,intention_rt,intention_bot_rt,knowledge_rt,knowledge_bot_rt,cause_rt,delay_rt,attention_rt,order,attention,cause_blue,cause_pink,cause_orange,cause_both,cause_bothOrange,cause_pb,cause_bp,cause_ob,cause_blue_norm,cause_pink_norm,cause_orange_norm,cause_both_norm,cause_bothOrange_norm,cause_bp_norm,cause_pb_norm,cause_ob_norm,min,flat,max
1,0,3,32,English,Female,0,condition 1,3.018033333,7,3,7,NA,1,NA,6,NA,6,NA,3.136,NA,3.733,NA,2.858,NA,5.436,NA,21.389,8.972,12.743,"[1, 'How likely is it that Brock knew how to open the door?'] [2, 'How likely is it that Brock intentionally opened the door?'] [3, 'Was Brock aiming to clean the room?'] [4, 'Was Brock aiming to open the door?']",3,2,4,1,3,1,1,4,1,0.111111111,0.333333333,0,0.222222222,0,0.333333333,0,0,1,FALSE,1.5
2,1,2,65,ENGLISH,Female,0,condition 1,4.128883333,6,4,7,NA,1,NA,7,NA,6,NA,3.432,NA,5.16,NA,8.399,NA,8.773,NA,28.758,17.319,16.016,"[1, 'How likely is it that Brock knew how to open the door?'] [2, 'How likely is it that Brock intentionally opened the door?'] [3, 'Was Brock aiming to open the door?'] [4, 'Was Brock aiming to clean the room?']",2,1,1,1,7,1,1,7,1,0,0,0,0.5,0,0.5,0,0,1,FALSE,2
3,2,3,33,English,Male,0,condition 2,3.951,1,1,6,NA,1,NA,7,NA,6,NA,3.521,NA,6.333,NA,8.287,NA,2.16,NA,50.127,13.029,21.098,"[1, 'How likely is it that Brock-bot intentionally opened the door?'] [2, 'How likely is it that Brock-bot knew how to open the door?'] [3, 'Was Brock-bot aiming to clean the room?'] [4, 'Was Brock-bot aiming to open the door?']",3,1,1,1,7,1,1,7,1,0,0,0,0.5,0,0.5,0,0,1,FALSE,2
4,3,5,28,ENGLISH,Male,0,condition 2,3.67155,2,2,6,NA,6,NA,5,NA,6,NA,5.182,NA,9.353,NA,2.111,NA,4.791,NA,14.288,10.616,28.09,"[1, 'Was Brock-bot aiming to clean the room?'] [2, 'Was Brock-bot aiming to open the door?'] [3, 'How likely is it that Brock-bot intentionally opened the door?'] [4, 'How likely is it that Brock-bot knew how to open the door?']",3,5,6,5,6,6,6,5,6,0,0.5,0,0.5,0.5,0,0.5,0.5,5,FALSE,1
5,4,4,53,English,Male,0,condition 2,4.162683333,20,10,6,NA,3,NA,5,NA,3,NA,2.6,NA,13.338,NA,4.228,NA,5.68,NA,38.782,15.685,18.312,"[1, 'Was Brock-bot aiming to clean the room?'] [2, 'Was Brock-bot aiming to open the door?'] [3, 'How likely is it that Brock-bot intentionally opened the door?'] [4, 'How likely is it that Brock-bot knew how to open the door?']",3,2,2,2,5,1,1,6,1,0.090909091,0.090909091,0.166666667,0.363636364,0,0.454545455,0,0,1,FALSE,1.833333333
6,5,3,35,English,Male,0,condition 2,3.9957,3,3,7,NA,7,NA,7,NA,7,NA,7.936,NA,4.407,NA,4.383,NA,4.732,NA,27.794,10.084,23.745,"[1, 'Was Brock-bot aiming to open the door?'] [2, 'How likely is it that Brock-bot intentionally opened the door?'] [3, 'Was Brock-bot aiming to clean the room?'] [4, 'How likely is it that Brock-bot knew how to open the door?']",3,4,4,1,7,1,1,1,7,0.25,0.25,0,0.5,0,0,0,1,1,FALSE,2
7,6,3,26,English,Male,0,condition 1,3.759266667,15,5,7,NA,1,NA,7,NA,6,NA,7.502,NA,3.988,NA,4.306,NA,6.982,NA,48.39,23.511,14.094,"[1, 'Was Brock aiming to open the door?'] [2, 'How likely is it that Brock intentionally opened the door?'] [3, 'Was Brock aiming to clean the room?'] [4, 'How likely is it that Brock knew how to open the door?']",3,2,2,1,4,1,1,7,1,0.090909091,0.090909091,0,0.272727273,0,0.545454545,0,0,1,FALSE,1.833333333
8,7,2,31,english,Female,0,condition 1,4.94965,1,2,7,NA,1,NA,7,NA,7,NA,1.936,NA,5.668,NA,2.714,NA,3.565,NA,128.596,19.149,21.295,"[1, 'Was Brock aiming to clean the room?'] [2, 'Was Brock aiming to open the door?'] [3, 'How likely is it that Brock intentionally opened the door?'] [4, 'How likely is it that Brock knew how to open the door?']",3,1,1,1,1,7,1,7,1,0,0,0,0,1,1,0,0,1,FALSE,1
9,8,5,28,English,Male,0,condition 2,4.1263,2,2,5,NA,5,NA,5,NA,6,NA,5.245,NA,1.845,NA,1.904,NA,1.679,NA,8.921,6.093,3.597,"[1, 'Was Brock-bot aiming to open the door?'] [2, 'Was Brock-bot aiming to clean the room?'] [3, 'How likely is it that Brock-bot knew how to open the door?'] [4, 'How likely is it that Brock-bot intentionally opened the door?']",2,4,4,5,5,5,5,6,5,0,0,0.333333333,0.333333333,0.333333333,0.666666667,0.333333333,0.333333333,4,FALSE,1
10,9,3,50,English,Female,0,condition 3,4.349566667,10,5,7,3,1,5,7,2,6,6,3.601,4.633,6.157,3.553,5.699,4.492,3.931,9.699,29.991,20.372,12.658,"[1, 'How likely is it that the vacuum-bot knew how to open the door?'] [2, 'Was Brock aiming to clean the room?'] [3, 'Was the vacuum-bot aiming to open the door?'] [4, 'Was the vacuum-bot aiming to clean the room?'] [5, 'How likely is it that Brock knew how to open the door?'] [6, 'How likely is it that Brock intentionally opened the door?'] [7, 'Was Brock aiming to open the door?'] [8, 'What is the likelihood that the vacuum-bot had the intention to open the door?']",3,1,1,1,7,1,1,7,1,0,0,0,0.5,0,0.5,0,0,1,FALSE,2
11,10,3,45,english,Female,0,condition 3,5.16885,8,3,7,2,1,7,6,2,5,2,2.24,6.477,3.376,3.608,2.4,4.127,4.248,4.128,23.23,13.071,10.728,"[1, 'Was the vacuum-bot aiming to open the door?'] [2, 'What is the likelihood that the vacuum-bot had the intention to open the door?'] [3, 'How likely is it that Brock knew how to open the door?'] [4, 'Was Brock aiming to clean the room?'] [5, 'How likely is it that Brock intentionally opened the door?'] [6, 'Was Brock aiming to open the door?'] [7, 'How likely is it that the vacuum-bot knew how to open the door?'] [8, 'Was the vacuum-bot aiming to clean the room?']",3,4,4,1,6,1,1,6,1,0.1875,0.1875,0,0.3125,0,0.3125,0,0,1,FALSE,2.666666667
12,11,4,36,english,Female,0,condition 2,4.597133333,5,5,7,NA,1,NA,7,NA,3,NA,3.964,NA,3.411,NA,16.789,NA,6.012,NA,42.824,9.195,38.299,"[1, 'How likely is it that Brock-bot intentionally opened the door?'] [2, 'How likely is it that Brock-bot knew how to open the door?'] [3, 'Was Brock-bot aiming to open the door?'] [4, 'Was Brock-bot aiming to clean the room?']",1,2,2,1,7,1,2,7,1,0.071428571,0.071428571,0,0.428571429,0,0.428571429,0.166666667,0,1,FALSE,2.333333333
13,12,3,23,english,Female,0,condition 1,5.13135,5,5,7,NA,1,NA,7,NA,7,NA,7.261,NA,2.66,NA,3.014,NA,2.596,NA,17.828,10.839,10.416,"[1, 'Was Brock aiming to open the door?'] [2, 'Was Brock aiming to clean the room?'] [3, 'How likely is it that Brock intentionally opened the door?'] [4, 'How likely is it that Brock knew how to open the door?']",3,1,1,1,7,1,1,7,1,0,0,0,0.5,0,0.5,0,0,1,FALSE,2
14,13,3,25,ENGLISH,Male,0,condition 3,5.414983333,3,5,4,6,5,5,6,3,6,5,1.563,3.274,2.831,6.801,1.956,4.283,79.632,2.932,19.755,18.318,21.084,"[1, 'Was the vacuum-bot aiming to clean the room?'] [2, 'How likely is it that Brock knew how to open the door?'] [3, 'Was Brock aiming to clean the room?'] [4, 'Was Brock aiming to open the door?'] [5, 'How likely is it that Brock intentionally opened the door?'] [6, 'What is the likelihood that the vacuum-bot had the intention to open the door?'] [7, 'How likely is it that the vacuum-bot knew how to open the door?'] [8, 'Was the vacuum-bot aiming to open the door?']",1,5,4,4,5,5,5,4,3,0.333333333,0.166666667,0.25,0.333333333,0.5,0.166666667,0.5,0,3,FALSE,1.5
15,14,2,25,english,Male,0,condition 1,3.906266667,17,10,7,NA,2,NA,7,NA,5,NA,7.117,NA,10.542,NA,4.235,NA,6.129,NA,29.603,21.429,27.893,"[1, 'Was Brock aiming to clean the room?'] [2, 'Was Brock aiming to open the door?'] [3, 'How likely is it that Brock knew how to open the door?'] [4, 'How likely is it that Brock intentionally opened the door?']",2,2,2,1,6,1,1,7,1,0.076923077,0.076923077,0,0.384615385,0,0.461538462,0,0,1,FALSE,2.166666667
16,15,2,41,English,Female,0,condition 2,5.449666667,60,5,6,NA,2,NA,7,NA,7,NA,6.775,NA,4.612,NA,9.103,NA,3.376,NA,37.416,35.061,14.342,"[1, 'How likely is it that Brock-bot intentionally opened the door?'] [2, 'How likely is it that Brock-bot knew how to open the door?'] [3, 'Was Brock-bot aiming to open the door?'] [4, 'Was Brock-bot aiming to clean the room?']",2,1,1,1,7,1,1,7,1,0,0,0,0.5,0,0.5,0,0,1,FALSE,2
17,16,3,29,English,Female,0,condition 3,5.387733333,10,5,4,3,5,6,4,5,5,5,1.712,1.631,2.533,1.776,2.55,4.871,7.71,1.689,29.996,104.692,3.316,"[1, 'How likely is it that Brock knew how to open the door?'] [2, 'How likely is it that Brock intentionally opened the door?'] [3, 'What is the likelihood that the vacuum-bot had the intention to open the door?'] [4, 'Was Brock aiming to clean the room?'] [5, 'Was Brock aiming to open the door?'] [6, 'Was the vacuum-bot aiming to open the door?'] [7, 'How likely is it that the vacuum-bot knew how to open the door?'] [8, 'Was the vacuum-bot aiming to clean the room?']",2,5,4,6,4,5,5,6,4,0.333333333,0,0.666666667,0,0.333333333,0.666666667,0.333333333,0,4,FALSE,1
18,17,3,45,English,Female,0,condition 2,5.82355,5,5,5,NA,6,NA,6,NA,6,NA,2.991,NA,2.52,NA,6.086,NA,10.974,NA,30.203,15.085,4.526,"[1, 'How likely is it that Brock-bot knew how to open the door?'] [2, 'How likely is it that Brock-bot intentionally opened the door?'] [3, 'Was Brock-bot aiming to open the door?'] [4, 'Was Brock-bot aiming to clean the room?']",1,6,5,6,4,5,6,4,5,0.666666667,0.333333333,0.666666667,0,0.333333333,0,0.666666667,0.333333333,4,FALSE,1
19,18,3,35,English,Male,0,condition 3,5.963116667,20,20,7,6,5,6,6,6,6,6,1.839,4.147,2.131,2.006,1.988,1.773,1.481,2.635,10.249,10.099,10.306,"[1, 'Was the vacuum-bot aiming to open the door?'] [2, 'How likely is it that the vacuum-bot knew how to open the door?'] [3, 'What is the likelihood that the vacuum-bot had the intention to open the door?'] [4, 'Was Brock aiming to open the door?'] [5, 'How likely is it that Brock knew how to open the door?'] [6, 'Was the vacuum-bot aiming to clean the room?'] [7, 'Was Brock aiming to clean the room?'] [8, 'How likely is it that Brock intentionally opened the door?']",3,6,5,6,5,5,5,6,5,0.5,0,0.5,0,0,0.5,0,0,5,FALSE,1
20,19,3,40,English,Male,0,condition 1,5.982616667,5,3,6,NA,1,NA,7,NA,7,NA,7.697,NA,3.404,NA,3.496,NA,4.285,NA,24.911,13.953,13.915,"[1, 'Was Brock aiming to open the door?'] [2, 'How likely is it that Brock knew how to open the door?'] [3, 'How likely is it that Brock intentionally opened the door?'] [4, 'Was Brock aiming to clean the room?']",2,2,2,1,7,3,4,7,1,0.071428571,0.071428571,0,0.428571429,0.333333333,0.428571429,0.5,0,1,FALSE,2.333333333
21,20,3,42,eng,Male,0,condition 2,5.512083333,3,3,5,NA,3,NA,3,NA,6,NA,10.192,NA,2.033,NA,3.994,NA,3.622,NA,26.907,10.827,19.143,"[1, 'Was Brock-bot aiming to open the door?'] [2, 'How likely is it that Brock-bot knew how to open the door?'] [3, 'How likely is it that Brock-bot intentionally opened the door?'] [4, 'Was Brock-bot aiming to clean the room?']",3,3,3,1,7,1,6,5,5,0.142857143,0.142857143,0,0.428571429,0,0.285714286,0.833333333,0.666666667,1,FALSE,2.333333333
22,21,2,58,English,Female,0,condition 2,5.2335,20,8,3,NA,7,NA,3,NA,5,NA,6.245,NA,4.893,NA,20.861,NA,8.494,NA,61.521,41.282,26.644,"[1, 'How likely is it that Brock-bot intentionally opened the door?'] [2, 'Was Brock-bot aiming to open the door?'] [3, 'How likely is it that Brock-bot knew how to open the door?'] [4, 'Was Brock-bot aiming to clean the room?']",3,2,4,1,6,1,1,6,1,0.071428571,0.214285714,0,0.357142857,0,0.357142857,0,0,1,FALSE,2.333333333
23,22,2,25,English,Male,1,condition 1,6.4427,2,3,3,NA,4,NA,6,NA,7,NA,3.191,NA,2.864,NA,3.208,NA,5.566,NA,17.118,38.7,78.851,"[1, 'How likely is it that Brock knew how to open the door?'] [2, 'How likely is it that Brock intentionally opened the door?'] [3, 'Was Brock aiming to clean the room?'] [4, 'Was Brock aiming to open the door?']",3,3,4,5,4,3,5,4,6,0,0.333333333,0.5,0.333333333,0,0.333333333,0.5,0.75,3,FALSE,0.75
24,23,3,29,English,Male,0,condition 2,2.6368,1,2,6,NA,3,NA,7,NA,6,NA,1.841,NA,3.81,NA,5.364,NA,2.71,NA,19.109,8.523,8.653,"[1, 'How likely is it that Brock-bot intentionally opened the door?'] [2, 'Was Brock-bot aiming to clean the room?'] [3, 'How likely is it that Brock-bot knew how to open the door?'] [4, 'Was Brock-bot aiming to open the door?']",3,1,1,1,5,1,2,3,1,0,0,0,0.666666667,0,0.333333333,0.166666667,0,1,FALSE,1
25,24,3,44,ENGLISH,Male,0,condition 2,4.394483333,2,3,6,NA,6,NA,5,NA,7,NA,5.425,NA,4.263,NA,3.809,NA,3.078,NA,40.161,10.12,35.793,"[1, 'Was Brock-bot aiming to open the door?'] [2, 'How likely is it that Brock-bot intentionally opened the door?'] [3, 'Was Brock-bot aiming to clean the room?'] [4, 'How likely is it that Brock-bot knew how to open the door?']",3,5,6,5,6,5,5,6,4,0.142857143,0.285714286,0.333333333,0.285714286,0.333333333,0.285714286,0.333333333,0,4,FALSE,2.333333333
26,25,5,37,english,Female,1,condition 2,4.485533333,4,3,7,NA,6,NA,6,NA,7,NA,2.865,NA,2.619,NA,9.841,NA,9.05,NA,8.182,14.106,8.464,"[1, 'How likely is it that Brock-bot intentionally opened the door?'] [2, 'Was Brock-bot aiming to open the door?'] [3, 'How likely is it that Brock-bot knew how to open the door?'] [4, 'Was Brock-bot aiming to clean the room?']",1,7,6,7,7,6,7,7,7,0.333333333,0,1,0.333333333,0,0.333333333,1,1,6,FALSE,3
27,26,2,34,English,Male,0,condition 1,3.602,2,2,7,NA,1,NA,7,NA,7,NA,2.002,NA,11.315,NA,2.96,NA,2.368,NA,30.027,20.127,15.022,"[1, 'Was Brock aiming to clean the room?'] [2, 'How likely is it that Brock intentionally opened the door?'] [3, 'Was Brock aiming to open the door?'] [4, 'How likely is it that Brock knew how to open the door?']",2,1,1,1,3,1,1,6,1,0,0,0,0.285714286,0,0.714285714,0,0,1,FALSE,1.166666667
28,27,3,35,English,Male,0,condition 2,6.6194,15,10,6,NA,5,NA,6,NA,6,NA,7.863,NA,1.613,NA,2.494,NA,2.359,NA,11.036,5.369,140.53,"[1, 'Was Brock-bot aiming to open the door?'] [2, 'How likely is it that Brock-bot intentionally opened the door?'] [3, 'How likely is it that Brock-bot knew how to open the door?'] [4, 'Was Brock-bot aiming to clean the room?']",3,6,5,5,6,6,5,5,6,0.5,0,0,0.5,0.5,0,0,0.5,5,FALSE,1
29,28,3,36,English,Female,0,condition 3,5.644833333,15,30,7,1,2,6,7,1,7,1,3.036,4.994,5.32,4.168,7.906,4.975,3.256,4.578,87.147,14.902,8.599,"[1, 'How likely is it that Brock intentionally opened the door?'] [2, 'How likely is it that Brock knew how to open the door?'] [3, 'Was Brock aiming to clean the room?'] [4, 'What is the likelihood that the vacuum-bot had the intention to open the door?'] [5, 'Was the vacuum-bot aiming to clean the room?'] [6, 'Was the vacuum-bot aiming to open the door?'] [7, 'Was Brock aiming to open the door?'] [8, 'How likely is it that the vacuum-bot knew how to open the door?']",2,7,1,1,4,1,1,1,1,0.666666667,0,0,0.333333333,0,0,0,0,1,FALSE,1.5
30,29,2,34,English,Male,0,condition 3,6.65035,25,10,6,5,1,2,6,5,6,5,3.273,2.408,4.921,2.425,3.06,4.201,7.081,1.839,36.775,14.734,16.293,"[1, 'How likely is it that Brock knew how to open the door?'] [2, 'Was Brock aiming to open the door?'] [3, 'What is the likelihood that the vacuum-bot had the intention to open the door?'] [4, 'How likely is it that the vacuum-bot knew how to open the door?'] [5, 'Was the vacuum-bot aiming to open the door?'] [6, 'Was Brock aiming to clean the room?'] [7, 'Was the vacuum-bot aiming to clean the room?'] [8, 'How likely is it that Brock intentionally opened the door?']",3,3,2,1,5,1,1,6,1,0.166666667,0.083333333,0,0.333333333,0,0.416666667,0,0,1,FALSE,2
31,30,3,54,English,Female,0,condition 1,6.225383333,15,5,7,NA,1,NA,7,NA,7,NA,27.539,NA,7.16,NA,4.221,NA,8.09,NA,78.664,31.396,25.902,"[1, 'Was Brock aiming to open the door?'] [2, 'How likely is it that Brock knew how to open the door?'] [3, 'How likely is it that Brock intentionally opened the door?'] [4, 'Was Brock aiming to clean the room?']",3,4,4,1,5,5,1,6,1,0.2,0.2,0,0.266666667,0.666666667,0.333333333,0,0,1,FALSE,2.5
32,31,3,64,English,Male,0,condition 3,6.50385,5,5,7,1,1,6,7,1,7,1,11.837,4.92,4.416,6.833,4.895,5.857,5.057,7.63,51.193,36.331,32.324,"[1, 'Was Brock aiming to open the door?'] [2, 'How likely is it that the vacuum-bot knew how to open the door?'] [3, 'How likely is it that Brock knew how to open the door?'] [4, 'What is the likelihood that the vacuum-bot had the intention to open the door?'] [5, 'Was Brock aiming to clean the room?'] [6, 'Was the vacuum-bot aiming to open the door?'] [7, 'Was the vacuum-bot aiming to clean the room?'] [8, 'How likely is it that Brock intentionally opened the door?']",3,7,1,1,1,1,1,1,1,1,0,0,0,0,0,0,0,1,FALSE,1
33,32,4,54,English,NA,0,condition 3,6.709016667,6,3,6,3,1,4,3,3,5,4,10.4,5.364,27.257,11.967,14.67,9.68,6.461,8.243,53.213,32.987,28.78,"[1, 'Was Brock aiming to clean the room?'] [2, 'Was the vacuum-bot aiming to clean the room?'] [3, 'How likely is it that the vacuum-bot knew how to open the door?'] [4, 'Was Brock aiming to open the door?'] [5, 'What is the likelihood that the vacuum-bot had the intention to open the door?'] [6, 'How likely is it that Brock knew how to open the door?'] [7, 'How likely is it that Brock intentionally opened the door?'] [8, 'Was the vacuum-bot aiming to open the door?']",2,3,3,1,5,1,3,5,1,0.166666667,0.166666667,0,0.333333333,0,0.333333333,0.333333333,0,1,FALSE,2
34,33,3,38,English,Female,0,condition 2,7.103533333,2,2,7,NA,2,NA,7,NA,7,NA,4.45,NA,3.328,NA,3.105,NA,6.199,NA,28.315,12.918,20.972,"[1, 'How likely is it that Brock-bot knew how to open the door?'] [2, 'Was Brock-bot aiming to open the door?'] [3, 'Was Brock-bot aiming to clean the room?'] [4, 'How likely is it that Brock-bot intentionally opened the door?']",3,5,4,2,7,1,5,7,1,0.210526316,0.157894737,0.166666667,0.315789474,0,0.315789474,0.666666667,0,1,FALSE,3.166666667
35,34,2,35,english,Male,0,condition 1,4.104833333,7,4,7,NA,1,NA,7,NA,6,NA,10.734,NA,4.12,NA,4.392,NA,6.256,NA,34.695,20.096,11.343,"[1, 'Was Brock aiming to open the door?'] [2, 'Was Brock aiming to clean the room?'] [3, 'How likely is it that Brock intentionally opened the door?'] [4, 'How likely is it that Brock knew how to open the door?']",3,5,5,1,6,1,1,6,1,0.222222222,0.222222222,0,0.277777778,0,0.277777778,0,0,1,FALSE,3
36,35,3,48,english,Female,0,condition 3,5.8989,5,5,7,4,5,6,5,4,7,4,5.57,5.555,13.603,4.606,8.076,12.32,5.108,5.321,62.485,19.64,13.836,"[1, 'What is the likelihood that the vacuum-bot had the intention to open the door?'] [2, 'Was Brock aiming to clean the room?'] [3, 'Was the vacuum-bot aiming to open the door?'] [4, 'Was Brock aiming to open the door?'] [5, 'How likely is it that Brock knew how to open the door?'] [6, 'Was the vacuum-bot aiming to clean the room?'] [7, 'How likely is it that Brock intentionally opened the door?'] [8, 'How likely is it that the vacuum-bot knew how to open the door?']",3,3,3,1,7,1,1,6,1,0.133333333,0.133333333,0,0.4,0,0.333333333,0,0,1,FALSE,2.5
37,36,3,31,English,Male,0,condition 3,6.8394,15,5,6,3,3,3,7,2,7,4,3.744,5.457,15.634,6.304,5.463,7.616,5.544,8.671,57.077,21.966,24.406,"[1, 'Was Brock aiming to clean the room?'] [2, 'Was the vacuum-bot aiming to open the door?'] [3, 'What is the likelihood that the vacuum-bot had the intention to open the door?'] [4, 'How likely is it that the vacuum-bot knew how to open the door?'] [5, 'Was Brock aiming to open the door?'] [6, 'How likely is it that Brock knew how to open the door?'] [7, 'How likely is it that Brock intentionally opened the door?'] [8, 'Was the vacuum-bot aiming to clean the room?']",3,5,5,1,7,1,2,7,2,0.2,0.2,0,0.3,0,0.3,0.166666667,0.166666667,1,FALSE,3.333333333
38,37,3,25,English,Female,0,condition 3,7.373116667,2,4,4,5,6,5,6,5,6,5,1.772,2.314,2.25,2.177,5.771,1.533,1.918,1.662,12.638,15.196,21.65,"[1, 'How likely is it that Brock intentionally opened the door?'] [2, 'Was the vacuum-bot aiming to clean the room?'] [3, 'Was Brock aiming to clean the room?'] [4, 'What is the likelihood that the vacuum-bot had the intention to open the door?'] [5, 'How likely is it that Brock knew how to open the door?'] [6, 'How likely is it that the vacuum-bot knew how to open the door?'] [7, 'Was Brock aiming to open the door?'] [8, 'Was the vacuum-bot aiming to open the door?']",3,5,4,4,5,5,5,6,4,0.25,0,0,0.25,0.333333333,0.5,0.333333333,0,4,FALSE,1.333333333
39,39,2,51,English,Female,0,condition 2,5.970383333,6,4,7,NA,3,NA,7,NA,7,NA,6.939,NA,7.566,NA,5.478,NA,14.614,NA,71.114,57.654,30.175,"[1, 'How likely is it that Brock-bot knew how to open the door?'] [2, 'How likely is it that Brock-bot intentionally opened the door?'] [3, 'Was Brock-bot aiming to open the door?'] [4, 'Was Brock-bot aiming to clean the room?']",2,3,3,1,6,1,1,5,1,0.153846154,0.153846154,0,0.384615385,0,0.307692308,0,0,1,FALSE,2.166666667
40,40,3,33,English,Male,0,condition 3,7.002816667,10,3,6,4,2,6,7,3,6,4,2.387,7.07,2.642,4.003,8.542,7.881,7.183,4.163,132.964,12.893,8.259,"[1, 'How likely is it that Brock intentionally opened the door?'] [2, 'How likely is it that Brock knew how to open the door?'] [3, 'What is the likelihood that the vacuum-bot had the intention to open the door?'] [4, 'Was the vacuum-bot aiming to open the door?'] [5, 'Was the vacuum-bot aiming to clean the room?'] [6, 'Was Brock aiming to clean the room?'] [7, 'How likely is it that the vacuum-bot knew how to open the door?'] [8, 'Was Brock aiming to open the door?']",3,3,4,1,6,1,2,6,1,0.133333333,0.2,0,0.333333333,0,0.333333333,0.166666667,0,1,FALSE,2.5
41,41,4,29,english,Male,1,condition 1,5.881266667,1,1,5,NA,5,NA,6,NA,6,NA,1.839,NA,1.415,NA,5.028,NA,1.896,NA,54.885,34.823,8.327,"[1, 'How likely is it that Brock intentionally opened the door?'] [2, 'Was Brock aiming to open the door?'] [3, 'Was Brock aiming to clean the room?'] [4, 'How likely is it that Brock knew how to open the door?']",3,6,5,5,6,6,6,5,5,0.5,0,0,0.5,0.5,0,0.5,0,5,FALSE,1
42,42,3,30,English,Female,0,condition 2,6.75145,10,10,7,NA,4,NA,7,NA,6,NA,6.056,NA,35.007,NA,6.996,NA,5.333,NA,56.968,25.492,25.917,"[1, 'Was Brock-bot aiming to clean the room?'] [2, 'How likely is it that Brock-bot intentionally opened the door?'] [3, 'Was Brock-bot aiming to open the door?'] [4, 'How likely is it that Brock-bot knew how to open the door?']",3,1,1,1,7,1,7,1,4,0,0,0,1,0,0,1,0.5,1,FALSE,1
43,43,3,30,English,Female,0,condition 3,6.937116667,5,10,7,1,1,1,7,7,6,2,3.598,5.657,3.541,7.26,9.205,21.326,6.385,11.227,59.386,37.428,32.988,"[1, 'What is the likelihood that the vacuum-bot had the intention to open the door?'] [2, 'How likely is it that Brock intentionally opened the door?'] [3, 'Was the vacuum-bot aiming to clean the room?'] [4, 'How likely is it that the vacuum-bot knew how to open the door?'] [5, 'Was the vacuum-bot aiming to open the door?'] [6, 'Was Brock aiming to clean the room?'] [7, 'How likely is it that Brock knew how to open the door?'] [8, 'Was Brock aiming to open the door?']",3,7,5,1,1,2,7,1,1,0.6,0.4,0,0,0.166666667,0,1,0,1,FALSE,1.666666667
44,44,3,28,ENGLISH,Male,0,condition 2,7.88165,5,5,4,NA,4,NA,5,NA,5,NA,1.474,NA,4.107,NA,2.213,NA,5.038,NA,11.231,5.384,28.782,"[1, 'How likely is it that Brock-bot knew how to open the door?'] [2, 'Was Brock-bot aiming to open the door?'] [3, 'Was Brock-bot aiming to clean the room?'] [4, 'How likely is it that Brock-bot intentionally opened the door?']",3,4,6,5,4,4,6,6,5,0,0.5,0.333333333,0,0,0.5,0.666666667,0.333333333,4,FALSE,1.333333333
45,45,3,51,English,Female,0,condition 1,7.152983333,2,2,7,NA,6,NA,6,NA,6,NA,8.086,NA,11.117,NA,4.063,NA,4.911,NA,56.855,33.353,16.637,"[1, 'Was Brock aiming to clean the room?'] [2, 'Was Brock aiming to open the door?'] [3, 'How likely is it that Brock knew how to open the door?'] [4, 'How likely is it that Brock intentionally opened the door?']",3,1,1,1,6,2,2,7,1,0,0,0,0.454545455,0.166666667,0.545454545,0.166666667,0,1,FALSE,1.833333333
46,46,3,47,English,Male,0,condition 2,6.3884,6,3,7,NA,1,NA,7,NA,6,NA,15.52,NA,6.63,NA,6.085,NA,9.877,NA,104.262,25.637,26.145,"[1, 'Was Brock-bot aiming to open the door?'] [2, 'How likely is it that Brock-bot knew how to open the door?'] [3, 'How likely is it that Brock-bot intentionally opened the door?'] [4, 'Was Brock-bot aiming to clean the room?']",3,4,4,1,4,1,1,4,1,0.25,0.25,0,0.25,0,0.25,0,0,1,FALSE,2
47,47,4,38,English,Female,0,condition 3,2.72325,8,12,5,1,1,5,4,1,6,3,1.936,2.904,3.296,1.848,4.324,2.231,2.072,2.319,17.803,12.271,5.847,"[1, 'How likely is it that Brock intentionally opened the door?'] [2, 'Was Brock aiming to clean the room?'] [3, 'Was the vacuum-bot aiming to open the door?'] [4, 'Was the vacuum-bot aiming to clean the room?'] [5, 'How likely is it that the vacuum-bot knew how to open the door?'] [6, 'Was Brock aiming to open the door?'] [7, 'How likely is it that Brock knew how to open the door?'] [8, 'What is the likelihood that the vacuum-bot had the intention to open the door?']",3,5,3,1,6,1,2,6,1,0.25,0.125,0,0.3125,0,0.3125,0.166666667,0,1,FALSE,2.666666667
48,48,4,35,English,Female,0,condition 1,4.84035,10,10,6,NA,7,NA,7,NA,7,NA,3.571,NA,4.34,NA,20.765,NA,3.259,NA,16.305,16.747,19.665,"[1, 'How likely is it that Brock intentionally opened the door?'] [2, 'Was Brock aiming to clean the room?'] [3, 'How likely is it that Brock knew how to open the door?'] [4, 'Was Brock aiming to open the door?']",3,7,6,5,6,7,6,7,5,0.333333333,0.166666667,0,0.166666667,1,0.333333333,0.5,0,5,FALSE,3
49,49,2,49,english,Female,0,condition 3,7.590333333,10,5,6,6,3,5,5,6,6,6,5.063,3.869,13.113,2.918,4.619,3.75,3.397,3.03,31.066,12.009,12.733,"[1, 'Was Brock aiming to clean the room?'] [2, 'Was the vacuum-bot aiming to open the door?'] [3, 'How likely is it that Brock intentionally opened the door?'] [4, 'How likely is it that Brock knew how to open the door?'] [5, 'What is the likelihood that the vacuum-bot had the intention to open the door?'] [6, 'How likely is it that the vacuum-bot knew how to open the door?'] [7, 'Was the vacuum-bot aiming to clean the room?'] [8, 'Was Brock aiming to open the door?']",2,2,2,1,7,1,4,7,1,0.071428571,0.071428571,0,0.428571429,0,0.428571429,0.5,0,1,FALSE,2.333333333
50,50,3,36,ENG,Male,0,condition 3,3.482183333,15,6,2,3,5,5,4,4,2,6,5.391,3.738,2.745,2.501,2.154,2.372,7.642,4.207,16.56,13.157,13.303,"[1, 'How likely is it that Brock knew how to open the door?'] [2, 'Was Brock aiming to open the door?'] [3, 'How likely is it that the vacuum-bot knew how to open the door?'] [4, 'Was the vacuum-bot aiming to clean the room?'] [5, 'How likely is it that Brock intentionally opened the door?'] [6, 'Was the vacuum-bot aiming to open the door?'] [7, 'What is the likelihood that the vacuum-bot had the intention to open the door?'] [8, 'Was Brock aiming to clean the room?']",2,5,6,4,5,4,4,6,5,0.166666667,0.333333333,0,0.166666667,0,0.333333333,0,0.333333333,4,FALSE,2
51,51,4,37,English,Male,0,condition 2,7.812416667,25,10,7,NA,2,NA,7,NA,6,NA,3.575,NA,8.101,NA,10.829,NA,12.041,NA,86.203,46.458,29.282,"[1, 'How likely is it that Brock-bot intentionally opened the door?'] [2, 'Was Brock-bot aiming to open the door?'] [3, 'Was Brock-bot aiming to clean the room?'] [4, 'How likely is it that Brock-bot knew how to open the door?']",2,3,3,1,2,1,1,7,1,0.181818182,0.181818182,0,0.090909091,0,0.545454545,0,0,1,FALSE,1.833333333
52,52,2,32,english,Female,0,condition 2,4.7093,3,3,7,NA,3,NA,7,NA,7,NA,2.84,NA,6.797,NA,6.025,NA,2.806,NA,23.103,14.212,14.962,"[1, 'How likely is it that Brock-bot intentionally opened the door?'] [2, 'Was Brock-bot aiming to clean the room?'] [3, 'How likely is it that Brock-bot knew how to open the door?'] [4, 'Was Brock-bot aiming to open the door?']",3,1,1,1,7,1,1,7,1,0,0,0,0.5,0,0.5,0,0,1,FALSE,2
53,53,2,36,English,Male,0,condition 1,8.048133333,7,2,7,NA,2,NA,7,NA,6,NA,5.95,NA,4.561,NA,2.742,NA,3.537,NA,36.854,24.49,16.084,"[1, 'Was Brock aiming to open the door?'] [2, 'How likely is it that Brock intentionally opened the door?'] [3, 'How likely is it that Brock knew how to open the door?'] [4, 'Was Brock aiming to clean the room?']",3,3,3,1,6,1,1,7,1,0.133333333,0.133333333,0,0.333333333,0,0.4,0,0,1,FALSE,2.5
54,54,3,39,English,Female,0,condition 1,4.124833333,6,3,7,NA,1,NA,7,NA,7,NA,2.792,NA,15.997,NA,4.319,NA,4.064,NA,45.484,21.775,16.591,"[1, 'Was Brock aiming to clean the room?'] [2, 'Was Brock aiming to open the door?'] [3, 'How likely is it that Brock knew how to open the door?'] [4, 'How likely is it that Brock intentionally opened the door?']",3,5,5,3,7,3,1,7,1,0.2,0.2,0.333333333,0.3,0.333333333,0.3,0,0,1,FALSE,3.333333333
55,55,4,37,English,Female,1,condition 3,5.3836,5,5,4,5,4,5,3,6,5,5,5.524,3.163,3.403,2.446,2.591,2.831,17.442,10.057,20.726,15.393,9.988,"[1, 'How likely is it that the vacuum-bot knew how to open the door?'] [2, 'Was Brock aiming to clean the room?'] [3, 'What is the likelihood that the vacuum-bot had the intention to open the door?'] [4, 'Was the vacuum-bot aiming to open the door?'] [5, 'How likely is it that Brock intentionally opened the door?'] [6, 'How likely is it that Brock knew how to open the door?'] [7, 'Was Brock aiming to open the door?'] [8, 'Was the vacuum-bot aiming to clean the room?']",3,4,5,6,4,3,5,6,4,0.142857143,0.285714286,0.75,0.142857143,0,0.428571429,0.5,0.25,3,FALSE,1.75
56,56,2,33,English,Male,0,condition 2,5.900866667,5,3,6,NA,1,NA,6,NA,5,NA,24.843,NA,6.83,NA,6.445,NA,5.634,NA,56.158,32.501,38.426,"[1, 'Was Brock-bot aiming to open the door?'] [2, 'How likely is it that Brock-bot intentionally opened the door?'] [3, 'Was Brock-bot aiming to clean the room?'] [4, 'How likely is it that Brock-bot knew how to open the door?']",1,1,1,1,1,1,1,7,1,0,0,0,0,0,1,0,0,1,FALSE,1
57,57,1,29,English,Male,0,condition 1,8.657966667,2,2,4,NA,5,NA,5,NA,4,NA,2.139,NA,5.745,NA,2.856,NA,3.064,NA,152.016,5.552,5.123,"[1, 'Was Brock aiming to clean the room?'] [2, 'How likely is it that Brock knew how to open the door?'] [3, 'Was Brock aiming to open the door?'] [4, 'How likely is it that Brock intentionally opened the door?']",3,4,3,2,3,4,4,3,4,0.4,0.2,0,0.2,0.4,0.2,0.4,0.4,2,FALSE,1
58,58,3,26,english,Female,0,condition 3,8.876066667,12,15,7,5,2,2,7,6,6,5,2.39,3.234,3.927,3.838,119.03,3.152,4.008,4.063,68.161,12.695,16.957,"[1, 'How likely is it that Brock intentionally opened the door?'] [2, 'How likely is it that Brock knew how to open the door?'] [3, 'Was the vacuum-bot aiming to clean the room?'] [4, 'Was Brock aiming to clean the room?'] [5, 'What is the likelihood that the vacuum-bot had the intention to open the door?'] [6, 'Was the vacuum-bot aiming to open the door?'] [7, 'Was Brock aiming to open the door?'] [8, 'How likely is it that the vacuum-bot knew how to open the door?']",3,2,2,1,7,1,3,6,1,0.076923077,0.076923077,0,0.461538462,0,0.384615385,0.333333333,0,1,FALSE,2.166666667
59,59,3,45,ENGLISH,Female,0,condition 2,6.620483333,2,2,4,NA,2,NA,4,NA,5,NA,6.358,NA,6.927,NA,13.375,NA,30.753,NA,42.946,13.462,20.51,"[1, 'How likely is it that Brock-bot intentionally opened the door?'] [2, 'Was Brock-bot aiming to clean the room?'] [3, 'How likely is it that Brock-bot knew how to open the door?'] [4, 'Was Brock-bot aiming to open the door?']",3,3,4,1,6,4,2,5,2,0.142857143,0.214285714,0,0.357142857,0.5,0.285714286,0.166666667,0.166666667,1,FALSE,2.333333333
60,60,3,61,English,Female,0,condition 3,5.796333333,10,5,7,2,5,7,7,2,7,5,4.195,5.032,13.77,4.468,4.52,17.364,4.862,10.681,61.124,28.433,29.25,"[1, 'What is the likelihood that the vacuum-bot had the intention to open the door?'] [2, 'Was the vacuum-bot aiming to open the door?'] [3, 'Was Brock aiming to clean the room?'] [4, 'How likely is it that Brock knew how to open the door?'] [5, 'How likely is it that Brock intentionally opened the door?'] [6, 'Was Brock aiming to open the door?'] [7, 'Was the vacuum-bot aiming to clean the room?'] [8, 'How likely is it that the vacuum-bot knew how to open the door?']",2,3,1,1,7,1,3,7,1,0.142857143,0,0,0.428571429,0,0.428571429,0.333333333,0,1,FALSE,2.333333333
61,61,3,28,english,Male,0,condition 1,9.1552,5,5,6,NA,4,NA,5,NA,5,NA,5.352,NA,2.461,NA,11,NA,1.994,NA,18.428,5.163,5.715,"[1, 'How likely is it that Brock intentionally opened the door?'] [2, 'Was Brock aiming to open the door?'] [3, 'Was Brock aiming to clean the room?'] [4, 'How likely is it that Brock knew how to open the door?']",3,4,5,6,5,4,6,6,5,0,0.25,0.666666667,0.25,0,0.5,0.666666667,0.333333333,4,FALSE,1.333333333
62,62,2,57,English,Female,0,condition 1,4.333616667,36,15,7,NA,1,NA,7,NA,7,NA,8.341,NA,3.466,NA,2.482,NA,4.845,NA,29.29,18.404,19.423,"[1, 'Was Brock aiming to open the door?'] [2, 'How likely is it that Brock knew how to open the door?'] [3, 'How likely is it that Brock intentionally opened the door?'] [4, 'Was Brock aiming to clean the room?']",3,2,1,2,7,2,2,7,2,0.076923077,0,0.166666667,0.461538462,0.166666667,0.461538462,0.166666667,0.166666667,1,FALSE,2.166666667
63,63,3,40,English,Female,0,condition 2,9.129483333,6,10,7,NA,1,NA,4,NA,1,NA,2.793,NA,77.662,NA,4.935,NA,53.004,NA,97.205,12.327,69.783,"[1, 'How likely is it that Brock-bot knew how to open the door?'] [2, 'How likely is it that Brock-bot intentionally opened the door?'] [3, 'Was Brock-bot aiming to clean the room?'] [4, 'Was Brock-bot aiming to open the door?']",2,2,2,1,7,3,3,7,2,0.071428571,0.071428571,0,0.428571429,0.333333333,0.428571429,0.333333333,0.166666667,1,FALSE,2.333333333
64,64,3,41,English,Male,0,condition 2,8.556416667,2,2,5,NA,4,NA,7,NA,5,NA,9.807,NA,9.574,NA,18.714,NA,12.832,NA,25.313,24.156,71.357,"[1, 'How likely is it that Brock-bot intentionally opened the door?'] [2, 'Was Brock-bot aiming to clean the room?'] [3, 'How likely is it that Brock-bot knew how to open the door?'] [4, 'Was Brock-bot aiming to open the door?']",3,7,5,4,6,5,5,6,6,0.375,0.125,0,0.25,0.333333333,0.25,0.333333333,0.666666667,4,FALSE,2.666666667
65,65,4,42,English,Male,0,condition 3,9.320616667,3,1,6,1,1,2,7,1,7,1,3.032,3.416,3.248,9.475,3.351,4.209,3.389,2.82,61.862,17.419,10.038,"[1, 'Was the vacuum-bot aiming to clean the room?'] [2, 'How likely is it that Brock intentionally opened the door?'] [3, 'How likely is it that Brock knew how to open the door?'] [4, 'Was Brock aiming to open the door?'] [5, 'Was Brock aiming to clean the room?'] [6, 'What is the likelihood that the vacuum-bot had the intention to open the door?'] [7, 'Was the vacuum-bot aiming to open the door?'] [8, 'How likely is it that the vacuum-bot knew how to open the door?']",1,7,1,1,4,1,1,4,1,0.5,0,0,0.25,0,0.25,0,0,1,FALSE,2
66,66,3,60,eng,Female,0,condition 2,5.45495,2,2,4,NA,5,NA,3,NA,5,NA,2.816,NA,12.213,NA,4.927,NA,4.184,NA,76.542,17.094,61.816,"[1, 'Was Brock-bot aiming to clean the room?'] [2, 'How likely is it that Brock-bot intentionally opened the door?'] [3, 'Was Brock-bot aiming to open the door?'] [4, 'How likely is it that Brock-bot knew how to open the door?']",1,2,4,3,5,4,2,5,2,0,0.25,0.2,0.375,0.4,0.375,0,0,2,FALSE,1.6
67,67,2,43,English,Male,0,condition 1,4.884816667,15,3,7,NA,1,NA,7,NA,5,NA,3.963,NA,3.524,NA,14.97,NA,6.792,NA,78.799,40.034,19.439,"[1, 'How likely is it that Brock intentionally opened the door?'] [2, 'Was Brock aiming to open the door?'] [3, 'How likely is it that Brock knew how to open the door?'] [4, 'Was Brock aiming to clean the room?']",3,4,4,1,6,1,1,6,1,0.1875,0.1875,0,0.3125,0,0.3125,0,0,1,FALSE,2.666666667
68,68,4,34,English,Male,0,condition 3,6.4564,5,8,7,6,6,6,6,6,6,6,2.841,64.539,2.26,3.832,2.341,2.108,34.942,4.523,63.037,11.24,2.569,"[1, 'How likely is it that the vacuum-bot knew how to open the door?'] [2, 'Was the vacuum-bot aiming to clean the room?'] [3, 'Was Brock aiming to open the door?'] [4, 'Was Brock aiming to clean the room?'] [5, 'Was the vacuum-bot aiming to open the door?'] [6, 'How likely is it that Brock knew how to open the door?'] [7, 'How likely is it that Brock intentionally opened the door?'] [8, 'What is the likelihood that the vacuum-bot had the intention to open the door?']",1,6,7,6,7,7,6,6,7,0,0.5,0,0.5,1,0,0,1,6,FALSE,2
69,69,3,50,English,Male,0,condition 3,9.6206,5,3,6,4,4,5,6,5,6,4,4.8,7.401,6.458,19.842,4.599,19.249,9.657,7.906,81.207,42.601,71.339,"[1, 'What is the likelihood that the vacuum-bot had the intention to open the door?'] [2, 'How likely is it that the vacuum-bot knew how to open the door?'] [3, 'Was Brock aiming to open the door?'] [4, 'Was Brock aiming to clean the room?'] [5, 'Was the vacuum-bot aiming to clean the room?'] [6, 'How likely is it that Brock knew how to open the door?'] [7, 'Was the vacuum-bot aiming to open the door?'] [8, 'How likely is it that Brock intentionally opened the door?']",2,4,4,2,6,2,4,5,2,0.181818182,0.181818182,0,0.363636364,0,0.272727273,0.4,0,2,FALSE,2.2
70,70,3,34,english,Male,0,condition 1,5.620766667,35,60,5,NA,5,NA,6,NA,6,NA,6.429,NA,32.957,NA,6.317,NA,4.509,NA,40.864,25.476,37.455,"[1, 'Was Brock aiming to clean the room?'] [2, 'How likely is it that Brock intentionally opened the door?'] [3, 'Was Brock aiming to open the door?'] [4, 'How likely is it that Brock knew how to open the door?']",1,5,7,6,5,6,5,6,6,0,0.666666667,0.5,0,0.5,0.333333333,0,0.5,5,FALSE,1.5
71,71,1,30,English,Male,0,condition 1,10.63163333,2,3,4,NA,5,NA,4,NA,6,NA,1.98,NA,4.685,NA,1.782,NA,2.916,NA,12.365,4.324,4.909,"[1, 'Was Brock aiming to clean the room?'] [2, 'How likely is it that Brock intentionally opened the door?'] [3, 'How likely is it that Brock knew how to open the door?'] [4, 'Was Brock aiming to open the door?']",3,3,4,3,2,3,3,4,4,0.2,0.4,0.2,0,0.2,0.4,0.2,0.4,2,FALSE,1
72,72,3,29,English,Male,0,condition 1,2.84035,10,5,7,NA,1,NA,7,NA,7,NA,1.98,NA,2.851,NA,4.037,NA,2.671,NA,23.177,12.659,9.75,"[1, 'How likely is it that Brock intentionally opened the door?'] [2, 'Was Brock aiming to open the door?'] [3, 'Was Brock aiming to clean the room?'] [4, 'How likely is it that Brock knew how to open the door?']",2,1,1,1,7,1,1,7,1,0,0,0,0.5,0,0.5,0,0,1,FALSE,2
73,73,3,35,English,Male,0,condition 2,10.53423333,10,15,6,NA,6,NA,5,NA,5,NA,8.051,NA,1.537,NA,4.895,NA,2.484,NA,10.097,4.34,2.752,"[1, 'Was Brock-bot aiming to open the door?'] [2, 'How likely is it that Brock-bot intentionally opened the door?'] [3, 'How likely is it that Brock-bot knew how to open the door?'] [4, 'Was Brock-bot aiming to clean the room?']",3,5,6,5,6,5,5,6,6,0,0.333333333,0,0.333333333,0,0.333333333,0,0.5,5,FALSE,1.5
74,74,3,37,English,Male,0,condition 3,7.971316667,20,25,7,7,7,7,7,7,7,7,5.833,6.65,13.579,8.58,8.989,10.164,8.905,8.838,63.857,29.666,83.068,"[1, 'Was Brock aiming to clean the room?'] [2, 'How likely is it that Brock knew how to open the door?'] [3, 'How likely is it that Brock intentionally opened the door?'] [4, 'Was the vacuum-bot aiming to open the door?'] [5, 'Was Brock aiming to open the door?'] [6, 'What is the likelihood that the vacuum-bot had the intention to open the door?'] [7, 'How likely is it that the vacuum-bot knew how to open the door?'] [8, 'Was the vacuum-bot aiming to clean the room?']",1,7,6,6,7,7,7,5,7,0.4,0.2,0.5,0.4,1,0,1,1,5,FALSE,2.5
75,75,3,27,Amharic,Male,0,condition 3,5.606333333,10,5,7,6,2,3,7,6,6,5,5.085,5.839,6.82,4.959,5.691,11.691,5.234,14.764,47.19,15.045,41.569,"[1, 'What is the likelihood that the vacuum-bot had the intention to open the door?'] [2, 'Was Brock aiming to clean the room?'] [3, 'Was the vacuum-bot aiming to open the door?'] [4, 'Was the vacuum-bot aiming to clean the room?'] [5, 'How likely is it that the vacuum-bot knew how to open the door?'] [6, 'How likely is it that Brock intentionally opened the door?'] [7, 'Was Brock aiming to open the door?'] [8, 'How likely is it that Brock knew how to open the door?']",3,2,2,1,7,1,4,7,1,0.071428571,0.071428571,0,0.428571429,0,0.428571429,0.5,0,1,FALSE,2.333333333
76,76,3,49,English,Male,0,condition 3,3.599516667,10,5,6,4,1,5,6,4,5,4,2.086,2.351,3.865,12.495,9.668,25.575,2.927,2.631,22.188,9.59,7.206,"[1, 'How likely is it that Brock intentionally opened the door?'] [2, 'Was Brock aiming to open the door?'] [3, 'What is the likelihood that the vacuum-bot had the intention to open the door?'] [4, 'How likely is it that the vacuum-bot knew how to open the door?'] [5, 'How likely is it that Brock knew how to open the door?'] [6, 'Was the vacuum-bot aiming to open the door?'] [7, 'Was the vacuum-bot aiming to clean the room?'] [8, 'Was Brock aiming to clean the room?']",2,3,5,1,7,1,1,6,1,0.117647059,0.235294118,0,0.352941176,0,0.294117647,0,0,1,FALSE,2.833333333
77,77,3,28,English,Male,0,condition 2,3.150166667,30,10,7,NA,1,NA,7,NA,7,NA,5.326,NA,3.021,NA,2.793,NA,3.226,NA,18.709,11.46,17.982,"[1, 'Was Brock-bot aiming to open the door?'] [2, 'How likely is it that Brock-bot knew how to open the door?'] [3, 'Was Brock-bot aiming to clean the room?'] [4, 'How likely is it that Brock-bot intentionally opened the door?']",3,4,4,1,7,1,1,7,1,0.166666667,0.166666667,0,0.333333333,0,0.333333333,0,0,1,FALSE,3
78,78,5,44,Chinese,Male,0,condition 1,11.06958333,1,1,7,NA,1,NA,6,NA,7,NA,3.791,NA,3.453,NA,6.209,NA,6.388,NA,41.703,19.023,28.518,"[1, 'How likely is it that Brock knew how to open the door?'] [2, 'Was Brock aiming to open the door?'] [3, 'How likely is it that Brock intentionally opened the door?'] [4, 'Was Brock aiming to clean the room?']",1,1,1,1,1,1,1,7,1,0,0,0,0,0,1,0,0,1,FALSE,1
79,79,3,30,English,Male,0,condition 3,10.60501667,5,12,7,7,7,7,7,5,7,5,4.11,3.642,6.232,4.476,4.286,3.415,12.55,3.215,40.417,24.681,60.789,"[1, 'How likely is it that Brock knew how to open the door?'] [2, 'Was Brock aiming to clean the room?'] [3, 'How likely is it that Brock intentionally opened the door?'] [4, 'Was the vacuum-bot aiming to clean the room?'] [5, 'Was the vacuum-bot aiming to open the door?'] [6, 'How likely is it that the vacuum-bot knew how to open the door?'] [7, 'Was Brock aiming to open the door?'] [8, 'What is the likelihood that the vacuum-bot had the intention to open the door?']",3,7,7,7,6,6,6,5,6,0.4,0.4,1,0.2,0.5,0,0.5,0.5,5,FALSE,2.5
80,80,2,48,English,Male,0,condition 1,3.80215,4,3,7,NA,4,NA,7,NA,5,NA,2.71,NA,5.984,NA,3.361,NA,5.79,NA,35.922,17.251,30.498,"[1, 'How likely is it that Brock knew how to open the door?'] [2, 'Was Brock aiming to open the door?'] [3, 'Was Brock aiming to clean the room?'] [4, 'How likely is it that Brock intentionally opened the door?']",2,4,4,1,7,1,4,7,1,0.166666667,0.166666667,0,0.333333333,0,0.333333333,0.5,0,1,FALSE,3
81,81,2,62,English,Female,0,condition 2,10.35513333,5,3,7,NA,2,NA,7,NA,6,NA,5.373,NA,9.319,NA,8.019,NA,6.287,NA,43.623,23.463,33.723,"[1, 'How likely is it that Brock-bot intentionally opened the door?'] [2, 'Was Brock-bot aiming to clean the room?'] [3, 'How likely is it that Brock-bot knew how to open the door?'] [4, 'Was Brock-bot aiming to open the door?']",3,1,1,4,7,4,4,7,4,0,0,0.5,0.5,0.5,0.5,0.5,0.5,1,FALSE,2
82,82,3,27,English,Male,0,condition 3,3.985566667,9,3,7,6,2,4,7,5,6,5,2.325,2.962,5.208,7.114,2.524,4.758,3.288,3.295,47.435,11.082,17.991,"[1, 'Was the vacuum-bot aiming to clean the room?'] [2, 'How likely is it that Brock knew how to open the door?'] [3, 'Was Brock aiming to clean the room?'] [4, 'How likely is it that the vacuum-bot knew how to open the door?'] [5, 'Was the vacuum-bot aiming to open the door?'] [6, 'What is the likelihood that the vacuum-bot had the intention to open the door?'] [7, 'Was Brock aiming to open the door?'] [8, 'How likely is it that Brock intentionally opened the door?']",3,2,3,1,4,1,1,7,1,0.083333333,0.166666667,0,0.25,0,0.5,0,0,1,FALSE,2
83,83,3,63,English,Female,0,condition 1,10.08726667,2,3,7,NA,7,NA,6,NA,7,NA,1.951,NA,6.741,NA,4.175,NA,3.311,NA,15.046,10.227,40.268,"[1, 'Was Brock aiming to clean the room?'] [2, 'Was Brock aiming to open the door?'] [3, 'How likely is it that Brock intentionally opened the door?'] [4, 'How likely is it that Brock knew how to open the door?']",2,7,6,4,5,7,7,6,6,0.375,0.25,0,0.125,1,0.25,1,0.666666667,4,FALSE,2.666666667
84,84,3,45,English,Male,0,condition 1,8.398883333,8,3,7,NA,1,NA,7,NA,7,NA,2.632,NA,9.137,NA,3.766,NA,3.858,NA,50.886,20.584,114.58,"[1, 'Was Brock aiming to clean the room?'] [2, 'Was Brock aiming to open the door?'] [3, 'How likely is it that Brock intentionally opened the door?'] [4, 'How likely is it that Brock knew how to open the door?']",2,2,3,1,6,2,3,7,1,0.071428571,0.142857143,0,0.357142857,0.166666667,0.428571429,0.333333333,0,1,FALSE,2.333333333
85,85,3,35,english,Female,0,condition 2,5.197216667,5,5,7,NA,7,NA,7,NA,7,NA,31.822,NA,2.955,NA,3.773,NA,3.383,NA,34.731,33.227,8.724,"[1, 'Was Brock-bot aiming to open the door?'] [2, 'How likely is it that Brock-bot knew how to open the door?'] [3, 'How likely is it that Brock-bot intentionally opened the door?'] [4, 'Was Brock-bot aiming to clean the room?']",2,7,6,5,4,5,7,6,6,0.428571429,0.285714286,0.333333333,0,0.333333333,0.285714286,1,0.666666667,4,FALSE,2.333333333
86,86,3,45,english,Female,0,condition 1,4.063783333,1,1,7,NA,4,NA,7,NA,7,NA,3.658,NA,6.194,NA,4.458,NA,8.764,NA,61.682,12.453,12.833,"[1, 'How likely is it that Brock knew how to open the door?'] [2, 'Was Brock aiming to clean the room?'] [3, 'Was Brock aiming to open the door?'] [4, 'How likely is it that Brock intentionally opened the door?']",3,1,1,1,7,1,1,7,1,0,0,0,0.5,0,0.5,0,0,1,FALSE,2
87,87,3,34,English,Male,0,condition 3,4.890516667,6,4,6,3,3,5,6,4,5,5,3.097,4.607,5.253,4.147,2.629,5.499,3.7,12.644,39.322,10.947,22.612,"[1, 'How likely is it that the vacuum-bot knew how to open the door?'] [2, 'Was Brock aiming to clean the room?'] [3, 'Was Brock aiming to open the door?'] [4, 'What is the likelihood that the vacuum-bot had the intention to open the door?'] [5, 'How likely is it that Brock intentionally opened the door?'] [6, 'How likely is it that Brock knew how to open the door?'] [7, 'Was the vacuum-bot aiming to open the door?'] [8, 'Was the vacuum-bot aiming to clean the room?']",2,4,3,1,3,1,1,6,1,0.25,0.166666667,0,0.166666667,0,0.416666667,0,0,1,FALSE,2
88,88,3,33,English,Male,0,condition 3,3.8029,5,1,2,3,4,5,4,5,4,6,1.865,1.717,4.685,1.406,1.714,2.397,10.153,6.08,23.553,15.007,22.341,"[1, 'How likely is it that Brock knew how to open the door?'] [2, 'Was Brock aiming to clean the room?'] [3, 'How likely is it that Brock intentionally opened the door?'] [4, 'Was the vacuum-bot aiming to open the door?'] [5, 'Was the vacuum-bot aiming to clean the room?'] [6, 'Was Brock aiming to open the door?'] [7, 'What is the likelihood that the vacuum-bot had the intention to open the door?'] [8, 'How likely is it that the vacuum-bot knew how to open the door?']",3,5,4,4,5,4,3,3,3,0.4,0.2,0.25,0.4,0.25,0,0,0,3,FALSE,1.25
89,89,3,25,English,Male,0,condition 1,11.84825,5,5,4,NA,6,NA,5,NA,5,NA,2.219,NA,1.758,NA,30.126,NA,2.289,NA,26.73,13.232,4.28,"[1, 'How likely is it that Brock intentionally opened the door?'] [2, 'How likely is it that Brock knew how to open the door?'] [3, 'Was Brock aiming to clean the room?'] [4, 'Was Brock aiming to open the door?']",3,4,5,5,4,5,5,6,5,0,0.333333333,0.333333333,0,0.333333333,0.666666667,0.333333333,0.333333333,4,FALSE,1
90,90,3,40,ENGLISH,Female,0,condition 1,10.5821,20,10,7,NA,4,NA,7,NA,6,NA,15.129,NA,15.545,NA,4.896,NA,6.403,NA,51.352,66.334,25.138,"[1, 'Was Brock aiming to open the door?'] [2, 'Was Brock aiming to clean the room?'] [3, 'How likely is it that Brock intentionally opened the door?'] [4, 'How likely is it that Brock knew how to open the door?']",3,5,5,1,7,1,3,7,1,0.2,0.2,0,0.3,0,0.3,0.333333333,0,1,FALSE,3.333333333
91,91,3,36,English,Male,0,condition 2,11.73585,3,6,7,NA,6,NA,6,NA,6,NA,7.729,NA,42.249,NA,8.836,NA,6.637,NA,117.598,27.819,41.49,"[1, 'Was Brock-bot aiming to clean the room?'] [2, 'How likely is it that Brock-bot intentionally opened the door?'] [3, 'Was Brock-bot aiming to open the door?'] [4, 'How likely is it that Brock-bot knew how to open the door?']",3,1,3,1,5,1,6,1,1,0,0.333333333,0,0.666666667,0,0,0.833333333,0,1,FALSE,1
92,92,4,40,English,Female,0,condition 1,7.256916667,20,25,7,NA,3,NA,6,NA,7,NA,11.351,NA,6.428,NA,17.352,NA,5.339,NA,56.861,25.642,35.732,"[1, 'How likely is it that Brock intentionally opened the door?'] [2, 'Was Brock aiming to open the door?'] [3, 'How likely is it that Brock knew how to open the door?'] [4, 'Was Brock aiming to clean the room?']",3,6,6,6,5,4,5,6,6,0.285714286,0.285714286,0.666666667,0.142857143,0,0.285714286,0.333333333,0.666666667,4,FALSE,2.333333333
93,93,3,44,english,Female,0,condition 3,3.970433333,15,5,7,7,1,4,7,7,7,7,2.92,2.509,8.069,5.705,4.012,3.657,4.095,4.074,24.524,24.478,12.094,"[1, 'Was Brock aiming to clean the room?'] [2, 'Was the vacuum-bot aiming to clean the room?'] [3, 'How likely is it that Brock intentionally opened the door?'] [4, 'How likely is it that the vacuum-bot knew how to open the door?'] [5, 'How likely is it that Brock knew how to open the door?'] [6, 'Was Brock aiming to open the door?'] [7, 'What is the likelihood that the vacuum-bot had the intention to open the door?'] [8, 'Was the vacuum-bot aiming to open the door?']",2,1,4,1,7,1,1,7,1,0,0.2,0,0.4,0,0.4,0,0,1,FALSE,2.5
94,94,3,43,English,Male,0,condition 2,3.657683333,10,5,2,NA,7,NA,2,NA,2,NA,8.942,NA,4.69,NA,3.158,NA,6.672,NA,32.757,17.936,20.771,"[1, 'Was Brock-bot aiming to open the door?'] [2, 'How likely is it that Brock-bot knew how to open the door?'] [3, 'How likely is it that Brock-bot intentionally opened the door?'] [4, 'Was Brock-bot aiming to clean the room?']",3,2,3,1,4,1,1,4,1,0.111111111,0.222222222,0,0.333333333,0,0.333333333,0,0,1,FALSE,1.5
95,95,3,27,English,Female,0,condition 2,5.750033333,4,2,7,NA,5,NA,6,NA,5,NA,4.489,NA,15.05,NA,4.383,NA,4.133,NA,59.552,26.553,22.804,"[1, 'Was Brock-bot aiming to clean the room?'] [2, 'Was Brock-bot aiming to open the door?'] [3, 'How likely is it that Brock-bot knew how to open the door?'] [4, 'How likely is it that Brock-bot intentionally opened the door?']",3,3,3,3,4,4,1,4,1,0.2,0.2,0.333333333,0.3,0.5,0.3,0,0,1,FALSE,1.666666667
96,96,4,38,English,Female,0,condition 3,5.426083333,6,6,7,7,1,3,7,7,7,6,3.073,7.034,4.549,3.965,3.517,8.898,9.921,4.181,74.729,19.014,17.087,"[1, 'How likely is it that Brock knew how to open the door?'] [2, 'How likely is it that Brock intentionally opened the door?'] [3, 'Was Brock aiming to open the door?'] [4, 'What is the likelihood that the vacuum-bot had the intention to open the door?'] [5, 'How likely is it that the vacuum-bot knew how to open the door?'] [6, 'Was Brock aiming to clean the room?'] [7, 'Was the vacuum-bot aiming to open the door?'] [8, 'Was the vacuum-bot aiming to clean the room?']",3,5,4,4,7,4,3,4,6,0.25,0.125,0.25,0.5,0.25,0.125,0,0.75,3,FALSE,2
97,97,5,29,English,Male,0,condition 1,7.307033333,20,10,6,NA,6,NA,3,NA,6,NA,4.782,NA,5.654,NA,5.128,NA,1.96,NA,15.28,190.57,82.605,"[1, 'Was Brock aiming to open the door?'] [2, 'How likely is it that Brock intentionally opened the door?'] [3, 'How likely is it that Brock knew how to open the door?'] [4, 'Was Brock aiming to clean the room?']",3,7,5,7,3,6,7,5,6,0.5,0.25,1,0,0.75,0.25,1,0.75,3,FALSE,2
98,98,3,35,ENGLISH,Male,0,condition 1,12.92591667,5,5,5,NA,5,NA,6,NA,4,NA,4.605,NA,87.761,NA,1.881,NA,1.582,NA,10.08,5.869,3.232,"[1, 'Was Brock aiming to open the door?'] [2, 'Was Brock aiming to clean the room?'] [3, 'How likely is it that Brock intentionally opened the door?'] [4, 'How likely is it that Brock knew how to open the door?']",3,4,5,4,4,5,5,6,4,0,0.333333333,0,0,0.333333333,0.666666667,0.333333333,0,4,FALSE,1
99,99,3,39,English,Male,0,condition 3,13.38426667,3,1,7,2,1,5,7,2,6,4,8.374,8.286,3.899,12.492,3.977,5.727,5.138,6.985,95.68,18.17,15.466,"[1, 'Was Brock aiming to open the door?'] [2, 'How likely is it that the vacuum-bot knew how to open the door?'] [3, 'Was the vacuum-bot aiming to clean the room?'] [4, 'How likely is it that Brock knew how to open the door?'] [5, 'What is the likelihood that the vacuum-bot had the intention to open the door?'] [6, 'How likely is it that Brock intentionally opened the door?'] [7, 'Was the vacuum-bot aiming to open the door?'] [8, 'Was Brock aiming to clean the room?']",3,6,1,1,3,1,1,3,1,0.555555556,0,0,0.222222222,0,0.222222222,0,0,1,FALSE,1.5
100,100,3,53,English,Male,0,condition 3,3.583516667,3,3,7,4,1,4,7,4,7,4,3.373,2.556,3.415,5.311,2.716,5.995,6.717,2.545,23.2,8.923,17.823,"[1, 'How likely is it that Brock knew how to open the door?'] [2, 'Was the vacuum-bot aiming to clean the room?'] [3, 'Was Brock aiming to open the door?'] [4, 'How likely is it that Brock intentionally opened the door?'] [5, 'How likely is it that the vacuum-bot knew how to open the door?'] [6, 'Was Brock aiming to clean the room?'] [7, 'What is the likelihood that the vacuum-bot had the intention to open the door?'] [8, 'Was the vacuum-bot aiming to open the door?']",3,5,3,1,6,1,1,5,1,0.266666667,0.133333333,0,0.333333333,0,0.266666667,0,0,1,FALSE,2.5
101,101,3,30,English,Male,0,condition 2,3.601216667,10,5,2,NA,5,NA,1,NA,2,NA,7.391,NA,4.107,NA,3.204,NA,4.163,NA,35.897,14.21,12.309,"[1, 'Was Brock-bot aiming to open the door?'] [2, 'How likely is it that Brock-bot knew how to open the door?'] [3, 'How likely is it that Brock-bot intentionally opened the door?'] [4, 'Was Brock-bot aiming to clean the room?']",3,6,6,1,4,1,1,5,1,0.294117647,0.294117647,0,0.176470588,0,0.235294118,0,0,1,FALSE,2.833333333
102,102,4,33,english,Female,0,condition 2,3.225083333,3,3,6,NA,4,NA,5,NA,6,NA,13.396,NA,3.835,NA,7.188,NA,2.791,NA,27.471,9.169,10.978,"[1, 'Was Brock-bot aiming to open the door?'] [2, 'How likely is it that Brock-bot intentionally opened the door?'] [3, 'How likely is it that Brock-bot knew how to open the door?'] [4, 'Was Brock-bot aiming to clean the room?']",2,2,6,1,6,1,2,6,1,0.0625,0.3125,0,0.3125,0,0.3125,0.166666667,0,1,FALSE,2.666666667
103,103,3,27,English,Male,0,condition 1,4.401,30,13,6,NA,1,NA,6,NA,6,NA,5.453,NA,9.088,NA,4.631,NA,7.161,NA,40.487,33.3,16.03,"[1, 'Was Brock aiming to clean the room?'] [2, 'How likely is it that Brock knew how to open the door?'] [3, 'Was Brock aiming to open the door?'] [4, 'How likely is it that Brock intentionally opened the door?']",3,3,3,1,5,1,1,6,1,0.153846154,0.153846154,0,0.307692308,0,0.384615385,0,0,1,FALSE,2.166666667
104,104,3,35,english,Male,0,condition 1,5.042916667,14,6,7,NA,2,NA,6,NA,6,NA,2.867,NA,3.861,NA,8.462,NA,3.99,NA,44.056,13.007,10.958,"[1, 'How likely is it that Brock intentionally opened the door?'] [2, 'Was Brock aiming to open the door?'] [3, 'How likely is it that Brock knew how to open the door?'] [4, 'Was Brock aiming to clean the room?']",3,4,4,1,6,4,1,5,3,0.2,0.2,0,0.333333333,0.5,0.266666667,0,0.333333333,1,FALSE,2.5
105,105,4,38,English,Female,0,condition 2,3.8147,10,20,6,NA,4,NA,6,NA,5,NA,4.419,NA,4.385,NA,7.115,NA,3.795,NA,16.046,11.356,22.381,"[1, 'How likely is it that Brock-bot intentionally opened the door?'] [2, 'How likely is it that Brock-bot knew how to open the door?'] [3, 'Was Brock-bot aiming to clean the room?'] [4, 'Was Brock-bot aiming to open the door?']",1,5,4,6,5,4,5,6,6,0.25,0,0.666666667,0.25,0,0.5,0.333333333,0.666666667,4,FALSE,1.333333333
106,106,3,44,ENGLISH,Male,0,condition 2,4.517133333,2,4,6,NA,6,NA,7,NA,7,NA,2.571,NA,2.339,NA,7.521,NA,1.93,NA,15.516,19.779,40.224,"[1, 'How likely is it that Brock-bot intentionally opened the door?'] [2, 'Was Brock-bot aiming to open the door?'] [3, 'How likely is it that Brock-bot knew how to open the door?'] [4, 'Was Brock-bot aiming to clean the room?']",3,6,7,5,6,7,7,6,7,0.2,0.4,0,0.2,1,0.2,1,1,5,FALSE,2.5
107,107,3,60,English,Male,0,condition 1,5.466533333,2,4,6,NA,7,NA,7,NA,6,NA,3.69,NA,12.13,NA,4.065,NA,5.792,NA,25.266,55.188,9.503,"[1, 'Was Brock aiming to clean the room?'] [2, 'How likely is it that Brock knew how to open the door?'] [3, 'Was Brock aiming to open the door?'] [4, 'How likely is it that Brock intentionally opened the door?']",2,6,7,6,5,6,7,6,6,0.25,0.5,0.5,0,0.5,0.25,1,0.5,5,FALSE,2
108,108,4,32,ENGLISH,Male,0,condition 2,3.997,20,20,6,NA,7,NA,6,NA,6,NA,6.426,NA,4.916,NA,3.33,NA,2.436,NA,13.477,4.372,10.419,"[1, 'Was Brock-bot aiming to open the door?'] [2, 'Was Brock-bot aiming to clean the room?'] [3, 'How likely is it that Brock-bot knew how to open the door?'] [4, 'How likely is it that Brock-bot intentionally opened the door?']",3,7,7,6,6,6,5,6,5,0.333333333,0.333333333,0.5,0.166666667,0.5,0.166666667,0,0,5,FALSE,3
109,109,3,43,English,Female,0,condition 2,4.9326,15,6,7,NA,2,NA,7,NA,7,NA,3.747,NA,4.029,NA,6.251,NA,4.128,NA,39.556,19.751,17.532,"[1, 'How likely is it that Brock-bot intentionally opened the door?'] [2, 'How likely is it that Brock-bot knew how to open the door?'] [3, 'Was Brock-bot aiming to open the door?'] [4, 'Was Brock-bot aiming to clean the room?']",3,1,1,1,4,1,1,7,1,0,0,0,0.333333333,0,0.666666667,0,0,1,FALSE,1.5
110,110,2,34,NA,Male,0,condition 3,5.8434,8,6,6,4,4,4,4,4,6,4,4.283,3.885,12.596,6.59,6.509,4.859,2.934,3.588,97.279,24.448,29.971,"[1, 'Was Brock aiming to clean the room?'] [2, 'How likely is it that Brock intentionally opened the door?'] [3, 'Was the vacuum-bot aiming to clean the room?'] [4, 'Was Brock aiming to open the door?'] [5, 'What is the likelihood that the vacuum-bot had the intention to open the door?'] [6, 'How likely is it that the vacuum-bot knew how to open the door?'] [7, 'How likely is it that Brock knew how to open the door?'] [8, 'Was the vacuum-bot aiming to open the door?']",3,4,4,1,4,1,1,4,1,0.25,0.25,0,0.25,0,0.25,0,0,1,FALSE,2
111,111,3,38,English,Male,0,condition 3,4.4321,1,2,7,1,2,7,7,1,5,1,3.208,2.401,4.912,2.592,2.552,2.904,3.872,3.487,32.855,11.16,19.161,"[1, 'How likely is it that the vacuum-bot knew how to open the door?'] [2, 'How likely is it that Brock intentionally opened the door?'] [3, 'Was Brock aiming to open the door?'] [4, 'Was the vacuum-bot aiming to open the door?'] [5, 'Was Brock aiming to clean the room?'] [6, 'Was the vacuum-bot aiming to clean the room?'] [7, 'How likely is it that Brock knew how to open the door?'] [8, 'What is the likelihood that the vacuum-bot had the intention to open the door?']",3,4,1,1,6,1,3,6,1,0.230769231,0,0,0.384615385,0,0.384615385,0.333333333,0,1,FALSE,2.166666667
112,112,3,30,english,Female,0,condition 2,3.99825,7,4,7,NA,5,NA,7,NA,7,NA,2.694,NA,6.366,NA,6.77,NA,3.141,NA,25.954,36.915,14.306,"[1, 'How likely is it that Brock-bot intentionally opened the door?'] [2, 'Was Brock-bot aiming to clean the room?'] [3, 'How likely is it that Brock-bot knew how to open the door?'] [4, 'Was Brock-bot aiming to open the door?']",3,1,1,1,7,1,1,7,1,0,0,0,0.5,0,0.5,0,0,1,FALSE,2
113,113,3,32,English,Male,0,condition 3,4.358233333,15,10,7,1,1,7,7,1,7,1,2.908,4.802,16.889,3.309,3.574,5.428,3.35,4.018,32.618,18.869,22.53,"[1, 'Was Brock aiming to clean the room?'] [2, 'Was the vacuum-bot aiming to clean the room?'] [3, 'Was the vacuum-bot aiming to open the door?'] [4, 'How likely is it that Brock intentionally opened the door?'] [5, 'How likely is it that Brock knew how to open the door?'] [6, 'How likely is it that the vacuum-bot knew how to open the door?'] [7, 'Was Brock aiming to open the door?'] [8, 'What is the likelihood that the vacuum-bot had the intention to open the door?']",2,7,1,1,1,1,1,1,1,1,0,0,0,0,0,0,0,1,FALSE,1
114,114,3,44,English,Male,0,condition 3,7.291433333,8,4,5,5,1,4,5,5,4,5,4.783,12.88,7.182,12.871,17.966,5.199,5.5,6.937,88.868,53.756,44.383,"[1, 'How likely is it that Brock intentionally opened the door?'] [2, 'How likely is it that Brock knew how to open the door?'] [3, 'What is the likelihood that the vacuum-bot had the intention to open the door?'] [4, 'Was the vacuum-bot aiming to open the door?'] [5, 'How likely is it that the vacuum-bot knew how to open the door?'] [6, 'Was Brock aiming to clean the room?'] [7, 'Was the vacuum-bot aiming to clean the room?'] [8, 'Was Brock aiming to open the door?']",2,3,5,1,5,1,1,5,1,0.142857143,0.285714286,0,0.285714286,0,0.285714286,0,0,1,FALSE,2.333333333
115,115,3,29,English,Male,0,condition 2,7.71185,10,10,4,NA,5,NA,5,NA,6,NA,2.077,NA,5.906,NA,1.579,NA,2.025,NA,11.083,17.562,14.295,"[1, 'Was Brock-bot aiming to clean the room?'] [2, 'How likely is it that Brock-bot knew how to open the door?'] [3, 'Was Brock-bot aiming to open the door?'] [4, 'How likely is it that Brock-bot intentionally opened the door?']",3,4,5,4,4,3,5,4,4,0.2,0.4,0.25,0.2,0,0.2,0.5,0.25,3,FALSE,1.25
116,116,3,24,English,Male,0,condition 1,4.376916667,5,3,7,NA,4,NA,6,NA,4,NA,1.769,NA,2.433,NA,4.719,NA,3.74,NA,26.678,9.381,9.554,"[1, 'How likely is it that Brock intentionally opened the door?'] [2, 'Was Brock aiming to clean the room?'] [3, 'Was Brock aiming to open the door?'] [4, 'How likely is it that Brock knew how to open the door?']",3,1,7,1,1,1,1,1,1,0,1,0,0,0,0,0,0,1,FALSE,1
117,117,3,36,English,Female,0,condition 1,4.55595,20,15,7,NA,1,NA,7,NA,7,NA,2.993,NA,5.238,NA,7.617,NA,4.56,NA,44.115,20.501,13.948,"[1, 'How likely is it that Brock intentionally opened the door?'] [2, 'How likely is it that Brock knew how to open the door?'] [3, 'Was Brock aiming to clean the room?'] [4, 'Was Brock aiming to open the door?']",3,1,1,1,7,1,1,7,1,0,0,0,0.5,0,0.5,0,0,1,FALSE,2
118,118,4,28,English,Male,0,condition 3,6.013166667,4,2,7,2,2,7,7,3,7,3,3.732,3.703,7.467,3.376,3.399,3.056,3.223,10.051,38.741,11.981,33.276,"[1, 'How likely is it that the vacuum-bot knew how to open the door?'] [2, 'How likely is it that Brock intentionally opened the door?'] [3, 'What is the likelihood that the vacuum-bot had the intention to open the door?'] [4, 'Was the vacuum-bot aiming to open the door?'] [5, 'How likely is it that Brock knew how to open the door?'] [6, 'Was Brock aiming to clean the room?'] [7, 'Was Brock aiming to open the door?'] [8, 'Was the vacuum-bot aiming to clean the room?']",3,6,5,1,3,2,1,7,2,0.294117647,0.235294118,0,0.117647059,0.166666667,0.352941176,0,0.166666667,1,FALSE,2.833333333
119,119,3,66,English,Female,0,condition 1,6.184883333,3,2,7,NA,2,NA,7,NA,7,NA,5.912,NA,16.898,NA,10.448,NA,4.036,NA,50.341,41.131,30.686,"[1, 'How likely is it that Brock intentionally opened the door?'] [2, 'Was Brock aiming to open the door?'] [3, 'How likely is it that Brock knew how to open the door?'] [4, 'Was Brock aiming to clean the room?']",3,1,1,1,4,1,1,7,1,0,0,0,0.333333333,0,0.666666667,0,0,1,FALSE,1.5
120,120,4,27,English,Female,0,condition 3,7.821816667,8,3,7,4,1,5,7,2,6,3,3.623,16.68,27.303,9.799,11.713,6.531,9.343,38.985,42.723,28.816,55.452,"[1, 'Was the vacuum-bot aiming to open the door?'] [2, 'How likely is it that Brock intentionally opened the door?'] [3, 'Was the vacuum-bot aiming to clean the room?'] [4, 'What is the likelihood that the vacuum-bot had the intention to open the door?'] [5, 'How likely is it that the vacuum-bot knew how to open the door?'] [6, 'How likely is it that Brock knew how to open the door?'] [7, 'Was Brock aiming to clean the room?'] [8, 'Was Brock aiming to open the door?']",3,4,4,2,6,2,3,6,2,0.166666667,0.166666667,0,0.333333333,0,0.333333333,0.2,0,2,FALSE,2.4
121,121,4,35,English,Male,0,condition 2,5.604166667,3,2,7,NA,6,NA,7,NA,6,NA,3.969,NA,3.008,NA,3.723,NA,8.973,NA,16.075,6.183,2.71,"[1, 'How likely is it that Brock-bot knew how to open the door?'] [2, 'Was Brock-bot aiming to open the door?'] [3, 'Was Brock-bot aiming to clean the room?'] [4, 'How likely is it that Brock-bot intentionally opened the door?']",1,6,7,6,7,6,6,7,7,0,0.333333333,0,0.333333333,0,0.333333333,0,1,6,FALSE,3
122,122,3,34,English,Female,0,condition 3,5.94935,10,12,6,2,3,3,6,3,5,5,5.134,6.424,3.191,7.208,4.019,5.547,10.524,4.59,70.354,23.238,17.496,"[1, 'How likely is it that Brock knew how to open the door?'] [2, 'Was the vacuum-bot aiming to clean the room?'] [3, 'How likely is it that Brock intentionally opened the door?'] [4, 'Was Brock aiming to open the door?'] [5, 'Was the vacuum-bot aiming to open the door?'] [6, 'How likely is it that the vacuum-bot knew how to open the door?'] [7, 'Was Brock aiming to clean the room?'] [8, 'What is the likelihood that the vacuum-bot had the intention to open the door?']",1,7,1,3,2,7,6,2,4,0.75,0,0.333333333,0.125,1,0.125,0.833333333,0.5,1,FALSE,1.333333333
123,123,3,43,English,Male,0,condition 2,8.866816667,3,3,3,NA,5,NA,6,NA,5,NA,3.878,NA,8.994,NA,3.947,NA,3.947,NA,32.167,10.305,38.735,"[1, 'Was Brock-bot aiming to clean the room?'] [2, 'Was Brock-bot aiming to open the door?'] [3, 'How likely is it that Brock-bot knew how to open the door?'] [4, 'How likely is it that Brock-bot intentionally opened the door?']",3,5,2,2,4,3,5,3,5,0.5,0,0,0.333333333,0.2,0.166666667,0.6,0.6,2,FALSE,1.2
124,124,3,37,English,Male,0,condition 1,8.7431,15,7,7,NA,1,NA,7,NA,6,NA,5.354,NA,5.924,NA,6.321,NA,13.3,NA,44.273,53.756,26.663,"[1, 'How likely is it that Brock knew how to open the door?'] [2, 'Was Brock aiming to open the door?'] [3, 'How likely is it that Brock intentionally opened the door?'] [4, 'Was Brock aiming to clean the room?']",2,2,2,1,4,1,2,7,2,0.090909091,0.090909091,0,0.272727273,0,0.545454545,0.166666667,0.166666667,1,FALSE,1.833333333
125,125,3,57,English,Male,0,condition 1,5.586716667,15,5,7,NA,1,NA,7,NA,5,NA,10.736,NA,4.741,NA,4.737,NA,10.91,NA,42.127,37.959,10.718,"[1, 'Was Brock aiming to open the door?'] [2, 'Was Brock aiming to clean the room?'] [3, 'How likely is it that Brock intentionally opened the door?'] [4, 'How likely is it that Brock knew how to open the door?']",3,1,1,1,6,1,1,7,1,0,0,0,0.454545455,0,0.545454545,0,0,1,FALSE,1.833333333
126,126,3,51,English,Male,0,condition 2,8.680116667,6,6,6,NA,4,NA,6,NA,7,NA,75.463,NA,25.438,NA,12.63,NA,21.713,NA,100.581,47.53,44.489,"[1, 'How likely is it that Brock-bot knew how to open the door?'] [2, 'How likely is it that Brock-bot intentionally opened the door?'] [3, 'Was Brock-bot aiming to open the door?'] [4, 'Was Brock-bot aiming to clean the room?']",2,1,1,1,7,1,1,7,1,0,0,0,0.5,0,0.5,0,0,1,FALSE,2
127,127,4,35,english,Male,0,condition 2,4.45455,30,30,7,NA,7,NA,7,NA,7,NA,1.815,NA,6.089,NA,1.54,NA,3.381,NA,16.789,4.48,5.044,"[1, 'Was Brock-bot aiming to clean the room?'] [2, 'Was Brock-bot aiming to open the door?'] [3, 'How likely is it that Brock-bot knew how to open the door?'] [4, 'How likely is it that Brock-bot intentionally opened the door?']",3,7,7,7,5,5,4,5,4,0.375,0.375,1,0.125,0.333333333,0.125,0,0,4,FALSE,2.666666667
128,128,3,37,English,Male,0,condition 1,9.207416667,10,5,7,NA,1,NA,7,NA,7,NA,2.395,NA,6.258,NA,3.567,NA,3.823,NA,32.97,25.142,11.927,"[1, 'Was Brock aiming to clean the room?'] [2, 'How likely is it that Brock intentionally opened the door?'] [3, 'How likely is it that Brock knew how to open the door?'] [4, 'Was Brock aiming to open the door?']",3,1,2,1,4,1,3,6,1,0,0.111111111,0,0.333333333,0,0.555555556,0.333333333,0,1,FALSE,1.5
129,129,4,39,English,Female,0,condition 1,8.806066667,3,3,6,NA,6,NA,7,NA,7,NA,2.386,NA,3.318,NA,2.768,NA,35.679,NA,72.393,9.205,5.081,"[1, 'How likely is it that Brock knew how to open the door?'] [2, 'Was Brock aiming to open the door?'] [3, 'How likely is it that Brock intentionally opened the door?'] [4, 'Was Brock aiming to clean the room?']",4,7,6,7,5,7,6,6,7,0.5,0.25,1,0,1,0.25,0.5,1,5,FALSE,2
130,130,4,30,English,Male,0,condition 3,3.248633333,5,10,7,7,6,6,7,7,6,6,2.041,2.065,3.001,2.063,2.775,4.288,2.091,2.258,29.251,7.717,2.916,"[1, 'What is the likelihood that the vacuum-bot had the intention to open the door?'] [2, 'Was Brock aiming to clean the room?'] [3, 'How likely is it that Brock intentionally opened the door?'] [4, 'How likely is it that Brock knew how to open the door?'] [5, 'How likely is it that the vacuum-bot knew how to open the door?'] [6, 'Was the vacuum-bot aiming to open the door?'] [7, 'Was the vacuum-bot aiming to clean the room?'] [8, 'Was Brock aiming to open the door?']",3,5,5,1,7,3,6,7,3,0.2,0.2,0,0.3,0.333333333,0.3,0.833333333,0.333333333,1,FALSE,3.333333333
131,131,3,31,English,Male,0,condition 3,8.84455,20,5,5,7,2,2,5,6,4,6,4.03,2.456,11.559,12.113,9.656,4.633,4.575,5.349,71.795,29.291,108.398,"[1, 'Was Brock aiming to clean the room?'] [2, 'How likely is it that the vacuum-bot knew how to open the door?'] [3, 'How likely is it that Brock knew how to open the door?'] [4, 'How likely is it that Brock intentionally opened the door?'] [5, 'Was the vacuum-bot aiming to clean the room?'] [6, 'Was the vacuum-bot aiming to open the door?'] [7, 'Was Brock aiming to open the door?'] [8, 'What is the likelihood that the vacuum-bot had the intention to open the door?']",3,4,5,1,6,1,2,7,1,0.166666667,0.222222222,0,0.277777778,0,0.333333333,0.166666667,0,1,FALSE,3
132,132,3,33,English,Male,0,condition 1,8.186033333,2,2,7,NA,6,NA,5,NA,6,NA,4.155,NA,2.085,NA,6.252,NA,11.151,NA,8.893,6.725,3.44,"[1, 'How likely is it that Brock knew how to open the door?'] [2, 'Was Brock aiming to open the door?'] [3, 'How likely is it that Brock intentionally opened the door?'] [4, 'Was Brock aiming to clean the room?']",1,5,6,6,6,6,5,3,6,0.25,0.375,0.75,0.375,0.75,0,0.5,0.75,3,FALSE,2
133,133,3,30,English,Male,0,condition 2,10.54746667,10,10,5,NA,5,NA,6,NA,6,NA,1.885,NA,1.294,NA,4.912,NA,2.748,NA,5.512,4.464,2.166,"[1, 'How likely is it that Brock-bot intentionally opened the door?'] [2, 'How likely is it that Brock-bot knew how to open the door?'] [3, 'Was Brock-bot aiming to clean the room?'] [4, 'Was Brock-bot aiming to open the door?']",3,5,7,6,7,6,7,7,6,0,0.333333333,0.5,0.333333333,0.5,0.333333333,1,0.5,5,FALSE,3
134,134,3,56,English,Male,0,condition 3,6.916766667,25,15,6,7,3,3,6,6,5,5,3.68,6.62,3.673,6.162,6.571,14.768,6.623,5.488,50.804,48.63,44.894,"[1, 'What is the likelihood that the vacuum-bot had the intention to open the door?'] [2, 'Was the vacuum-bot aiming to open the door?'] [3, 'Was Brock aiming to open the door?'] [4, 'How likely is it that Brock knew how to open the door?'] [5, 'Was the vacuum-bot aiming to clean the room?'] [6, 'How likely is it that Brock intentionally opened the door?'] [7, 'Was Brock aiming to clean the room?'] [8, 'How likely is it that the vacuum-bot knew how to open the door?']",3,6,4,2,6,3,5,6,3,0.285714286,0.142857143,0,0.285714286,0.2,0.285714286,0.6,0.2,2,FALSE,2.8
135,135,4,30,English,Male,0,condition 2,3.231633333,2,4,6,NA,7,NA,6,NA,5,NA,1.834,NA,1.657,NA,1.954,NA,3.463,NA,8.426,6.198,2.941,"[1, 'How likely is it that Brock-bot knew how to open the door?'] [2, 'How likely is it that Brock-bot intentionally opened the door?'] [3, 'Was Brock-bot aiming to clean the room?'] [4, 'Was Brock-bot aiming to open the door?']",4,5,6,7,6,5,6,6,7,0,0.333333333,1,0.333333333,0,0.333333333,0.5,1,5,FALSE,1.5
136,136,5,31,English,Male,0,condition 2,3.8279,6,2,6,NA,1,NA,6,NA,6,NA,3.271,NA,6.237,NA,6.574,NA,3.144,NA,45.102,16.606,22.446,"[1, 'How likely is it that Brock-bot intentionally opened the door?'] [2, 'Was Brock-bot aiming to clean the room?'] [3, 'How likely is it that Brock-bot knew how to open the door?'] [4, 'Was Brock-bot aiming to open the door?']",3,3,3,1,5,2,4,6,2,0.153846154,0.153846154,0,0.307692308,0.166666667,0.384615385,0.5,0.166666667,1,FALSE,2.166666667
137,137,4,35,English,Female,0,condition 1,7.31195,20,30,7,NA,7,NA,7,NA,6,NA,3.863,NA,3.305,NA,21.165,NA,4.487,NA,16.13,12.54,19.453,"[1, 'How likely is it that Brock intentionally opened the door?'] [2, 'How likely is it that Brock knew how to open the door?'] [3, 'Was Brock aiming to open the door?'] [4, 'Was Brock aiming to clean the room?']",4,6,7,3,6,6,4,5,7,0.25,0.333333333,0,0.25,0.75,0.166666667,0.25,1,3,FALSE,3
138,138,4,46,englsih,Male,0,condition 1,5.6185,2,2,7,NA,1,NA,7,NA,6,NA,4.772,NA,16.045,NA,4.004,NA,6.026,NA,59.936,23.596,23.633,"[1, 'Was Brock aiming to clean the room?'] [2, 'How likely is it that Brock knew how to open the door?'] [3, 'Was Brock aiming to open the door?'] [4, 'How likely is it that Brock intentionally opened the door?']",2,1,1,1,4,1,1,7,1,0,0,0,0.333333333,0,0.666666667,0,0,1,FALSE,1.5
139,140,3,30,English,Male,0,condition 3,5.429416667,15,10,6,5,6,5,6,5,5,6,1.072,1.248,1.295,1.275,1.753,1.062,1.189,3.057,6.349,4.436,2.703,"[1, 'How likely is it that the vacuum-bot knew how to open the door?'] [2, 'How likely is it that Brock knew how to open the door?'] [3, 'Was Brock aiming to clean the room?'] [4, 'Was the vacuum-bot aiming to open the door?'] [5, 'What is the likelihood that the vacuum-bot had the intention to open the door?'] [6, 'Was Brock aiming to open the door?'] [7, 'Was the vacuum-bot aiming to clean the room?'] [8, 'How likely is it that Brock intentionally opened the door?']",3,5,7,7,7,6,6,7,7,0,0.333333333,1,0.333333333,0.5,0.333333333,0.5,1,5,FALSE,3
140,141,4,31,ENGLISH,Male,0,condition 2,5.951416667,60,60,7,NA,6,NA,5,NA,7,NA,8.617,NA,2.32,NA,1.709,NA,5.508,NA,16.413,5.285,4.878,"[1, 'Was Brock-bot aiming to open the door?'] [2, 'Was Brock-bot aiming to clean the room?'] [3, 'How likely is it that Brock-bot intentionally opened the door?'] [4, 'How likely is it that Brock-bot knew how to open the door?']",3,7,7,7,6,6,5,6,5,0.333333333,0.333333333,1,0.166666667,0.5,0.166666667,0,0,5,FALSE,3
141,142,3,30,ENGLISH,Male,0,condition 2,6.206483333,20,20,7,NA,7,NA,5,NA,5,NA,19.704,NA,10.255,NA,7.223,NA,7.88,NA,80.039,25.045,22.689,"[1, 'Was Brock-bot aiming to open the door?'] [2, 'Was Brock-bot aiming to clean the room?'] [3, 'How likely is it that Brock-bot intentionally opened the door?'] [4, 'How likely is it that Brock-bot knew how to open the door?']",3,1,1,1,5,1,6,6,6,0,0,0,0.444444444,0,0.555555556,0.833333333,0.833333333,1,FALSE,1.5
142,143,4,28,English,Male,0,condition 3,2.514066667,2,2,4,4,5,5,5,4,5,5,0.943,1.008,1.487,4.618,1.32,1.263,1.031,1.183,9.368,3.085,2.222,"[1, 'Was the vacuum-bot aiming to clean the room?'] [2, 'Was Brock aiming to clean the room?'] [3, 'Was Brock aiming to open the door?'] [4, 'How likely is it that the vacuum-bot knew how to open the door?'] [5, 'Was the vacuum-bot aiming to open the door?'] [6, 'How likely is it that Brock intentionally opened the door?'] [7, 'What is the likelihood that the vacuum-bot had the intention to open the door?'] [8, 'How likely is it that Brock knew how to open the door?']",2,5,5,4,4,5,4,4,4,0.5,0.5,0,0,0.333333333,0,0,0,4,FALSE,0.666666667
143,144,3,49,English,Male,0,condition 2,4.581533333,1,1,6,NA,1,NA,6,NA,6,NA,2.504,NA,12.564,NA,5.655,NA,2.746,NA,24.451,16.088,14.853,"[1, 'Was Brock-bot aiming to clean the room?'] [2, 'How likely is it that Brock-bot intentionally opened the door?'] [3, 'How likely is it that Brock-bot knew how to open the door?'] [4, 'Was Brock-bot aiming to open the door?']",2,1,1,1,7,1,4,5,1,0,0,0,0.6,0,0.4,0.5,0,1,FALSE,1.666666667
144,145,3,35,English,Male,0,condition 1,6.069833333,2,2,3,NA,7,NA,6,NA,6,NA,2.937,NA,2.129,NA,4.05,NA,3.469,NA,6.976,3.49,2.15,"[1, 'How likely is it that Brock intentionally opened the door?'] [2, 'How likely is it that Brock knew how to open the door?'] [3, 'Was Brock aiming to clean the room?'] [4, 'Was Brock aiming to open the door?']",2,5,4,5,6,6,5,6,6,0.2,0,0.333333333,0.4,0.666666667,0.4,0.333333333,0.666666667,4,FALSE,1.666666667
145,146,4,30,English,Male,0,condition 3,3.50525,2,1,5,7,7,6,6,7,6,6,3.699,1.825,2.422,2.402,3.413,3.916,3.941,1.708,13.433,4.757,2.65,"[1, 'How likely is it that Brock intentionally opened the door?'] [2, 'Was Brock aiming to clean the room?'] [3, 'Was Brock aiming to open the door?'] [4, 'How likely is it that Brock knew how to open the door?'] [5, 'What is the likelihood that the vacuum-bot had the intention to open the door?'] [6, 'Was the vacuum-bot aiming to clean the room?'] [7, 'Was the vacuum-bot aiming to open the door?'] [8, 'How likely is it that the vacuum-bot knew how to open the door?']",1,6,7,6,7,6,6,5,7,0.2,0.4,0.5,0.4,0.5,0,0.5,1,5,FALSE,2.5
146,147,4,44,English,Female,0,condition 1,5.664333333,2,3,5,NA,4,NA,5,NA,6,NA,10.792,NA,2.042,NA,1.885,NA,2.505,NA,41.544,17.086,15.32,"[1, 'Was Brock aiming to open the door?'] [2, 'Was Brock aiming to clean the room?'] [3, 'How likely is it that Brock intentionally opened the door?'] [4, 'How likely is it that Brock knew how to open the door?']",1,5,6,7,6,4,6,5,4,0.166666667,0.333333333,1,0.333333333,0,0.166666667,0.666666667,0,4,FALSE,2
147,148,3,36,English,Female,0,condition 3,11.33723333,5,5,4,4,4,5,5,5,5,4,3.803,9.433,3.543,6.231,4.007,13.091,10.443,2.41,27.789,257.532,18.635,"[1, 'What is the likelihood that the vacuum-bot had the intention to open the door?'] [2, 'Was Brock aiming to clean the room?'] [3, 'Was the vacuum-bot aiming to clean the room?'] [4, 'How likely is it that Brock intentionally opened the door?'] [5, 'How likely is it that the vacuum-bot knew how to open the door?'] [6, 'Was Brock aiming to open the door?'] [7, 'Was the vacuum-bot aiming to open the door?'] [8, 'How likely is it that Brock knew how to open the door?']",1,6,5,4,5,6,4,5,4,0.4,0.2,0,0.2,0.666666667,0.2,0,0,4,FALSE,1.666666667
148,149,3,32,English,Male,0,condition 2,3.476616667,5,0,7,NA,7,NA,4,NA,4,NA,7.493,NA,3.255,NA,5.695,NA,5.08,NA,27.788,16.743,23.103,"[1, 'Was Brock-bot aiming to open the door?'] [2, 'How likely is it that Brock-bot knew how to open the door?'] [3, 'How likely is it that Brock-bot intentionally opened the door?'] [4, 'Was Brock-bot aiming to clean the room?']",2,4,1,1,1,1,1,1,4,1,0,0,0,0,0,0,0.5,1,FALSE,0.5
149,150,4,32,English,Male,0,condition 2,3.24305,1,1,7,NA,1,NA,7,NA,7,NA,6.274,NA,3.253,NA,2.401,NA,3.312,NA,22.225,22.066,12.358,"[1, 'Was Brock-bot aiming to open the door?'] [2, 'How likely is it that Brock-bot knew how to open the door?'] [3, 'How likely is it that Brock-bot intentionally opened the door?'] [4, 'Was Brock-bot aiming to clean the room?']",3,4,4,3,7,2,5,7,2,0.142857143,0.142857143,0.2,0.357142857,0,0.357142857,0.6,0,2,FALSE,2.8
150,151,3,53,English,Female,0,condition 1,4.507266667,10,5,6,NA,1,NA,6,NA,6,NA,3.134,NA,9.717,NA,3.118,NA,5.873,NA,35.007,33.486,13.602,"[1, 'Was Brock aiming to clean the room?'] [2, 'How likely is it that Brock knew how to open the door?'] [3, 'Was Brock aiming to open the door?'] [4, 'How likely is it that Brock intentionally opened the door?']",3,2,2,1,6,4,4,6,4,0.083333333,0.083333333,0,0.416666667,0.5,0.416666667,0.5,0.5,1,FALSE,2
151,152,-1,NA,NA,NA,0,condition 3,2.720566667,10,20,7,1,1,7,7,1,7,1,1.997,2.165,2.105,6.009,2.108,4.904,1.945,3.115,12.708,10.895,9.907,"[1, 'What is the likelihood that the vacuum-bot had the intention to open the door?'] [2, 'Was the vacuum-bot aiming to clean the room?'] [3, 'How likely is it that Brock intentionally opened the door?'] [4, 'How likely is it that the vacuum-bot knew how to open the door?'] [5, 'How likely is it that Brock knew how to open the door?'] [6, 'Was Brock aiming to clean the room?'] [7, 'Was Brock aiming to open the door?'] [8, 'Was the vacuum-bot aiming to open the door?']",2,7,1,1,1,1,1,1,1,1,0,0,0,0,0,0,0,1,FALSE,1
152,153,4,58,English,Female,0,condition 2,4.97335,10,5,7,NA,1,NA,7,NA,7,NA,11.263,NA,4.422,NA,4.742,NA,4.729,NA,68.172,27.813,11.157,"[1, 'Was Brock-bot aiming to open the door?'] [2, 'How likely is it that Brock-bot intentionally opened the door?'] [3, 'How likely is it that Brock-bot knew how to open the door?'] [4, 'Was Brock-bot aiming to clean the room?']",2,1,1,1,1,1,1,7,1,0,0,0,0,0,1,0,0,1,FALSE,1
153,154,4,27,English,Male,0,condition 2,3.335016667,10,5,7,NA,1,NA,7,NA,5,NA,3.167,NA,3.578,NA,3.334,NA,7.463,NA,23.207,12.686,13.228,"[1, 'How likely is it that Brock-bot knew how to open the door?'] [2, 'How likely is it that Brock-bot intentionally opened the door?'] [3, 'Was Brock-bot aiming to open the door?'] [4, 'Was Brock-bot aiming to clean the room?']",2,2,2,1,5,1,5,5,1,0.1,0.1,0,0.4,0,0.4,0.666666667,0,1,FALSE,1.666666667
154,155,4,30,english,Male,0,condition 2,15.60535,20,20,5,NA,6,NA,6,NA,6,NA,30.288,NA,8.006,NA,33.475,NA,9.069,NA,15.905,24.156,23.548,"[1, 'How likely is it that Brock-bot intentionally opened the door?'] [2, 'Was Brock-bot aiming to clean the room?'] [3, 'Was Brock-bot aiming to open the door?'] [4, 'How likely is it that Brock-bot knew how to open the door?']",1,3,6,5,4,3,4,3,3,0,0.75,0.5,0.25,0,0,0.25,0,3,FALSE,1
155,156,5,36,English,Male,0,condition 2,5.285633333,4,2,4,NA,4,NA,2,NA,2,NA,12.072,NA,15.141,NA,4.547,NA,10.049,NA,40.293,18.941,12.977,"[1, 'Was Brock-bot aiming to open the door?'] [2, 'How likely is it that Brock-bot knew how to open the door?'] [3, 'Was Brock-bot aiming to clean the room?'] [4, 'How likely is it that Brock-bot intentionally opened the door?']",3,4,4,1,4,1,1,5,1,0.230769231,0.230769231,0,0.230769231,0,0.307692308,0,0,1,FALSE,2.166666667
156,157,2,33,English,Male,1,condition 2,4.98585,15,10,7,NA,2,NA,7,NA,5,NA,2.701,NA,9.546,NA,3.319,NA,4.019,NA,48.333,24.856,33.973,"[1, 'Was Brock-bot aiming to clean the room?'] [2, 'How likely is it that Brock-bot intentionally opened the door?'] [3, 'How likely is it that Brock-bot knew how to open the door?'] [4, 'Was Brock-bot aiming to open the door?']",1,1,1,1,7,1,1,4,1,0,0,0,0.666666667,0,0.333333333,0,0,1,FALSE,1.5
157,158,2,24,English.,Male,0,condition 2,6.511566667,1,1,4,NA,4,NA,4,NA,6,NA,11.662,NA,7.513,NA,3.964,NA,7.971,NA,42.837,66.869,45.595,"[1, 'Was Brock-bot aiming to open the door?'] [2, 'How likely is it that Brock-bot intentionally opened the door?'] [3, 'Was Brock-bot aiming to clean the room?'] [4, 'How likely is it that Brock-bot knew how to open the door?']",3,1,1,1,6,1,3,6,1,0,0,0,0.5,0,0.5,0.333333333,0,1,FALSE,1.666666667
158,159,2,60,English,Female,0,condition 3,9.976366667,6,4,7,6,2,2,7,5,6,5,4.428,4.169,7.961,3.504,5.352,7.147,4.481,12.527,48.468,32.724,36.299,"[1, 'How likely is it that the vacuum-bot knew how to open the door?'] [2, 'What is the likelihood that the vacuum-bot had the intention to open the door?'] [3, 'Was the vacuum-bot aiming to open the door?'] [4, 'Was Brock aiming to clean the room?'] [5, 'Was Brock aiming to open the door?'] [6, 'How likely is it that Brock knew how to open the door?'] [7, 'Was the vacuum-bot aiming to clean the room?'] [8, 'How likely is it that Brock intentionally opened the door?']",2,2,2,1,5,1,1,6,1,0.090909091,0.090909091,0,0.363636364,0,0.454545455,0,0,1,FALSE,1.833333333
159,160,3,40,English,Male,0,condition 1,5.788216667,5,3,7,NA,1,NA,7,NA,7,NA,5.38,NA,16.401,NA,5.076,NA,6.658,NA,61.261,36.011,39.428,"[1, 'Was Brock aiming to clean the room?'] [2, 'Was Brock aiming to open the door?'] [3, 'How likely is it that Brock knew how to open the door?'] [4, 'How likely is it that Brock intentionally opened the door?']",3,3,3,1,7,1,1,6,1,0.133333333,0.133333333,0,0.4,0,0.333333333,0,0,1,FALSE,2.5
160,162,3,31,English,Male,0,condition 3,3.875016667,10,10,3,2,2,2,3,2,4,3,3.592,2.816,3.126,3.479,5.728,3.303,8.096,6.447,21.045,15.452,11.574,"[1, 'How likely is it that Brock knew how to open the door?'] [2, 'Was Brock aiming to clean the room?'] [3, 'How likely is it that the vacuum-bot knew how to open the door?'] [4, 'Was the vacuum-bot aiming to open the door?'] [5, 'Was Brock aiming to open the door?'] [6, 'What is the likelihood that the vacuum-bot had the intention to open the door?'] [7, 'How likely is it that Brock intentionally opened the door?'] [8, 'Was the vacuum-bot aiming to clean the room?']",3,5,3,2,5,2,5,5,2,0.3,0.1,0,0.3,0,0.3,0.6,0,2,FALSE,2
161,163,4,57,English,Male,0,condition 3,4.010433333,5,7,6,7,6,7,6,6,6,6,8.718,1.879,2.63,2.814,4.191,3.42,3.151,2.684,17.05,24.82,4.554,"[1, 'Was Brock aiming to open the door?'] [2, 'How likely is it that Brock knew how to open the door?'] [3, 'How likely is it that Brock intentionally opened the door?'] [4, 'Was the vacuum-bot aiming to open the door?'] [5, 'What is the likelihood that the vacuum-bot had the intention to open the door?'] [6, 'Was the vacuum-bot aiming to clean the room?'] [7, 'Was Brock aiming to clean the room?'] [8, 'How likely is it that the vacuum-bot knew how to open the door?']",1,5,6,7,6,5,7,6,6,0,0.333333333,1,0.333333333,0,0.333333333,1,0.5,5,FALSE,1.5
162,164,3,34,English,Female,0,condition 1,14.12068333,2,2,7,NA,1,NA,4,NA,4,NA,8.117,NA,5.94,NA,9.945,NA,3.825,NA,71.729,38.06,17.356,"[1, 'Was Brock aiming to open the door?'] [2, 'Was Brock aiming to clean the room?'] [3, 'How likely is it that Brock intentionally opened the door?'] [4, 'How likely is it that Brock knew how to open the door?']",2,1,7,1,7,1,1,7,1,0,0.333333333,0,0.333333333,0,0.333333333,0,0,1,FALSE,3
163,165,4,39,English,Male,0,condition 3,16.56188333,3,3,5,6,3,4,6,6,5,6,1.585,3.524,8.927,2.786,3.043,1.732,8,2.526,36.526,5.142,14.252,"[1, 'How likely is it that Brock intentionally opened the door?'] [2, 'Was Brock aiming to open the door?'] [3, 'How likely is it that Brock knew how to open the door?'] [4, 'Was the vacuum-bot aiming to open the door?'] [5, 'What is the likelihood that the vacuum-bot had the intention to open the door?'] [6, 'How likely is it that the vacuum-bot knew how to open the door?'] [7, 'Was Brock aiming to clean the room?'] [8, 'Was the vacuum-bot aiming to clean the room?']",3,3,3,2,6,3,5,5,3,0.111111111,0.111111111,0,0.444444444,0.2,0.333333333,0.6,0.2,2,FALSE,1.8
164,166,4,34,English,Male,0,condition 3,6.72815,30,10,6,5,1,4,3,5,5,5,4.021,4.061,9.259,9.965,18.4,6.513,4.596,4.029,91.255,23.902,41.986,"[1, 'How likely is it that Brock intentionally opened the door?'] [2, 'How likely is it that Brock knew how to open the door?'] [3, 'Was the vacuum-bot aiming to clean the room?'] [4, 'What is the likelihood that the vacuum-bot had the intention to open the door?'] [5, 'Was the vacuum-bot aiming to open the door?'] [6, 'Was Brock aiming to clean the room?'] [7, 'Was Brock aiming to open the door?'] [8, 'How likely is it that the vacuum-bot knew how to open the door?']",2,1,7,1,1,1,2,4,1,0,0.666666667,0,0,0,0.333333333,0.166666667,0,1,FALSE,1.5
165,167,3,46,english,Male,0,condition 2,5.84015,15,2,4,NA,6,NA,1,NA,1,NA,4.851,NA,6.25,NA,6.117,NA,4.224,NA,46.116,26.439,16.339,"[1, 'How likely is it that Brock-bot intentionally opened the door?'] [2, 'Was Brock-bot aiming to open the door?'] [3, 'Was Brock-bot aiming to clean the room?'] [4, 'How likely is it that Brock-bot knew how to open the door?']",2,6,6,1,6,1,1,6,1,0.25,0.25,0,0.25,0,0.25,0,0,1,FALSE,3.333333333
166,168,3,32,english,Female,0,condition 2,4.547683333,10,5,6,NA,5,NA,6,NA,6,NA,3.753,NA,10.588,NA,3.64,NA,3.311,NA,56.11,18.903,25.148,"[1, 'Was Brock-bot aiming to clean the room?'] [2, 'How likely is it that Brock-bot knew how to open the door?'] [3, 'Was Brock-bot aiming to open the door?'] [4, 'How likely is it that Brock-bot intentionally opened the door?']",1,6,3,1,5,1,4,6,1,0.3125,0.125,0,0.25,0,0.3125,0.5,0,1,FALSE,2.666666667
167,169,4,33,English,Male,0,condition 3,4.8284,10,6,7,6,1,2,7,6,6,6,2.787,5.447,4.311,11.7,5.874,4.017,5.718,4.645,37.745,39.961,15.887,"[1, 'Was the vacuum-bot aiming to clean the room?'] [2, 'Was the vacuum-bot aiming to open the door?'] [3, 'How likely is it that the vacuum-bot knew how to open the door?'] [4, 'How likely is it that Brock knew how to open the door?'] [5, 'What is the likelihood that the vacuum-bot had the intention to open the door?'] [6, 'How likely is it that Brock intentionally opened the door?'] [7, 'Was Brock aiming to clean the room?'] [8, 'Was Brock aiming to open the door?']",3,2,2,1,7,1,1,6,1,0.076923077,0.076923077,0,0.461538462,0,0.384615385,0,0,1,FALSE,2.166666667
168,170,3,35,English,Male,0,condition 1,4.7531,10,5,7,NA,1,NA,7,NA,6,NA,10.91,NA,4.551,NA,7.455,NA,17.694,NA,51.956,17.965,16.004,"[1, 'Was Brock aiming to open the door?'] [2, 'How likely is it that Brock knew how to open the door?'] [3, 'How likely is it that Brock intentionally opened the door?'] [4, 'Was Brock aiming to clean the room?']",3,2,3,1,6,1,1,6,1,0.076923077,0.153846154,0,0.384615385,0,0.384615385,0,0,1,FALSE,2.166666667
169,171,3,40,English,Female,0,condition 3,9.2663,2,2,6,6,5,7,6,7,6,6,2.75,10.773,2.063,4.447,7.669,6.685,5.731,42.414,25.419,8.211,2.943,"[1, 'Was the vacuum-bot aiming to open the door?'] [2, 'How likely is it that the vacuum-bot knew how to open the door?'] [3, 'How likely is it that Brock intentionally opened the door?'] [4, 'Was the vacuum-bot aiming to clean the room?'] [5, 'How likely is it that Brock knew how to open the door?'] [6, 'What is the likelihood that the vacuum-bot had the intention to open the door?'] [7, 'Was Brock aiming to clean the room?'] [8, 'Was Brock aiming to open the door?']",2,5,6,6,5,5,7,6,6,0,0.5,0.5,0,0,0.5,1,0.5,5,FALSE,1
170,172,3,27,English,Female,0,condition 1,2.626716667,10,5,7,NA,2,NA,7,NA,7,NA,2.912,NA,3.391,NA,3.71,NA,2.207,NA,24.274,11.994,7.904,"[1, 'How likely is it that Brock intentionally opened the door?'] [2, 'Was Brock aiming to clean the room?'] [3, 'Was Brock aiming to open the door?'] [4, 'How likely is it that Brock knew how to open the door?']",3,2,2,1,6,1,1,6,1,0.083333333,0.083333333,0,0.416666667,0,0.416666667,0,0,1,FALSE,2
171,173,3,30,English,Male,0,condition 1,7.15965,10,7,7,NA,7,NA,6,NA,6,NA,22.2,NA,8.205,NA,10.284,NA,7.872,NA,34.838,38.781,31.199,"[1, 'How likely is it that Brock intentionally opened the door?'] [2, 'Was Brock aiming to open the door?'] [3, 'Was Brock aiming to clean the room?'] [4, 'How likely is it that Brock knew how to open the door?']",3,6,3,4,6,4,5,6,6,0.333333333,0,0.25,0.333333333,0.25,0.333333333,0.5,0.75,3,FALSE,2.25
172,174,3,33,English,Male,0,condition 3,3.79875,20,10,6,6,3,4,6,6,6,5,2.601,5.345,4.928,3.211,4.281,6.766,2.647,3.006,34.697,12.546,14.256,"[1, 'Was the vacuum-bot aiming to open the door?'] [2, 'What is the likelihood that the vacuum-bot had the intention to open the door?'] [3, 'How likely is it that Brock intentionally opened the door?'] [4, 'Was Brock aiming to open the door?'] [5, 'How likely is it that Brock knew how to open the door?'] [6, 'Was Brock aiming to clean the room?'] [7, 'How likely is it that the vacuum-bot knew how to open the door?'] [8, 'Was the vacuum-bot aiming to clean the room?']",2,2,2,1,7,1,3,5,1,0.083333333,0.083333333,0,0.5,0,0.333333333,0.333333333,0,1,FALSE,2
173,175,3,28,english,Male,0,condition 2,4.085833333,5,4,6,NA,5,NA,6,NA,5,NA,4.615,NA,3.282,NA,3.254,NA,6.962,NA,20.399,9.054,27.818,"[1, 'How likely is it that Brock-bot knew how to open the door?'] [2, 'Was Brock-bot aiming to clean the room?'] [3, 'How likely is it that Brock-bot intentionally opened the door?'] [4, 'Was Brock-bot aiming to open the door?']",3,5,4,4,5,5,4,4,5,0.5,0,0,0.5,0.333333333,0,0,0.333333333,4,FALSE,0.666666667
174,176,3,NA,English,NA,0,condition 2,11.71781667,10,5,7,NA,4,NA,6,NA,6,NA,4.475,NA,7.991,NA,6.663,NA,15.271,NA,129.542,50.785,50.225,"[1, 'How likely is it that Brock-bot knew how to open the door?'] [2, 'Was Brock-bot aiming to clean the room?'] [3, 'Was Brock-bot aiming to open the door?'] [4, 'How likely is it that Brock-bot intentionally opened the door?']",3,2,2,2,6,2,2,7,2,0,0,0,0.444444444,0,0.555555556,0,0,2,FALSE,1.8
175,177,2,42,English,Female,0,condition 3,5.601133333,4,1,7,7,1,4,7,7,5,5,7.951,9.595,3.67,5.646,7.195,4.616,4.049,3.47,40.105,55.715,11.017,"[1, 'How likely is it that Brock intentionally opened the door?'] [2, 'What is the likelihood that the vacuum-bot had the intention to open the door?'] [3, 'How likely is it that the vacuum-bot knew how to open the door?'] [4, 'Was the vacuum-bot aiming to open the door?'] [5, 'Was Brock aiming to clean the room?'] [6, 'Was the vacuum-bot aiming to clean the room?'] [7, 'How likely is it that Brock knew how to open the door?'] [8, 'Was Brock aiming to open the door?']",2,1,1,1,5,1,1,7,1,0,0,0,0.4,0,0.6,0,0,1,FALSE,1.666666667
176,178,3,32,English,Male,0,condition 1,8.85675,20,5,7,NA,1,NA,7,NA,3,NA,6.559,NA,5.625,NA,7.512,NA,10.838,NA,64.918,62.344,16.457,"[1, 'How likely is it that Brock knew how to open the door?'] [2, 'Was Brock aiming to open the door?'] [3, 'How likely is it that Brock intentionally opened the door?'] [4, 'Was Brock aiming to clean the room?']",3,1,5,1,6,1,1,6,1,0,0.285714286,0,0.357142857,0,0.357142857,0,0,1,FALSE,2.333333333
177,179,3,49,English,Male,0,condition 3,5.947283333,25,15,7,1,1,6,7,1,6,1,2.941,2.886,4.851,3.85,2.959,5.599,4.092,3.35,34.777,8.891,19.819,"[1, 'What is the likelihood that the vacuum-bot had the intention to open the door?'] [2, 'How likely is it that the vacuum-bot knew how to open the door?'] [3, 'Was Brock aiming to open the door?'] [4, 'How likely is it that Brock knew how to open the door?'] [5, 'Was the vacuum-bot aiming to open the door?'] [6, 'Was Brock aiming to clean the room?'] [7, 'Was the vacuum-bot aiming to clean the room?'] [8, 'How likely is it that Brock intentionally opened the door?']",3,5,3,1,4,1,1,4,1,0.333333333,0.166666667,0,0.25,0,0.25,0,0,1,FALSE,2